ticker,start,end,cik,sec_name,status,sources,coverage,name_match,first_10k,last_10k,known_name,notes
A,2000-06-05,,1090872,"AGILENT TECHNOLOGIES, INC.",verified,sec_tickers+wikipedia_current,1.00,1.00,2008-12-19,2025-12-22,Agilent Technologies,
AABA,1999-12-08,2017-06-19,,,unresolved,,,,,,,"nothing backed by a name or an anchor passed the SEC filing check. Search hits only (not used): 1097149 ALIGN TECHNOLOGY INC (10-Ks 2009-02-27 to 2018-02-28, cov 1.00, name n/a, via membership_continuity); 1585689 Hilton Worldwide Holdings Inc. (10-Ks 2014-02-27 to 2018-02-14, cov 0.71, name n/a, via membership_continuity)"
AAL,2015-03-23,2024-09-23,,,conflict,,,,,,American Airlines Group,"more than one company passed: 6201 American Airlines Group Inc. (10-Ks 2014-02-28 to 2025-02-19, cov 1.00, name 1.00, via sec_search_name+sec_search_ticker+sec_tickers); 4515 AMERICAN AIRLINES, INC. (10-Ks 2014-02-28 to 2025-02-19, cov 1.00, name 1.00, via sec_search_name+sec_search_ticker)"
AAP,2015-07-09,2023-08-25,1158449,ADVANCE AUTO PARTS INC,verified,sec_search_name+sec_tickers,1.00,1.00,2015-03-03,2024-05-30,Advance Auto Parts,
AAPL,1996-01-02,,320193,Apple Inc.,verified,sec_tickers+wikipedia_current,1.00,1.00,2009-10-27,2025-10-31,Apple Inc.,
ABBV,2013-01-02,,1551152,AbbVie Inc.,verified,sec_tickers+wikipedia_current,1.00,1.00,2013-03-15,2026-02-20,AbbVie,
ABC,2001-08-30,2023-08-30,,,unresolved,,,,,,,"nothing backed by a name or an anchor passed the SEC filing check. Search hits only (not used): 1001039 TWDC Enterprises 18 Corp. (10-Ks 2009-12-02 to 2018-11-21, cov 0.77, name n/a, via sec_search_ticker); 1578735 National General Holdings Corp. (10-Ks 2014-03-28 to 2021-02-26, cov 0.69, name n/a, via sec_search_ticker); 1140859 Cencora, Inc. (10-Ks 2009-11-25 to 2024-11-26, cov 1.00, name n/a, via membership_continuity)"
ABMD,2018-05-31,2022-12-22,815094,ABIOMED INC,verified,sec_search_name+sec_search_ticker,1.00,1.00,2017-05-25,2022-05-20,Abiomed,
ABNB,2023-09-18,,1559720,"Airbnb, Inc.",verified,sec_tickers+wikipedia_current,1.00,1.00,2024-02-16,2026-02-12,Airbnb,
ABT,1996-01-02,,1800,ABBOTT LABORATORIES,verified,sec_tickers+wikipedia_current,1.00,1.00,2009-02-20,2026-02-20,Abbott Laboratories,
ACGL,2022-11-01,,947484,ARCH CAPITAL GROUP LTD.,verified,sec_tickers+wikipedia_current,1.00,1.00,2022-02-25,2026-02-26,Arch Capital Group,
ACN,2011-07-06,,1467373,Accenture plc,verified,sec_tickers+wikipedia_current,1.00,1.00,2010-10-26,2025-10-10,Accenture,
ACS,2004-04-02,2010-02-08,,,unresolved,,,,,,,"nothing backed by a name or an anchor passed the SEC filing check. Search hits only (not used): 1157817 SITO MOBILE, LTD. (10-Ks 2008-12-29 to 2010-12-29, cov 1.00, name n/a, via sec_search_ticker); 810136 PHOTRONICS INC (10-Ks 2009-01-16 to 2011-01-14, cov 1.00, name n/a, via sec_search_ticker); 1171008 ADAMANT DRI PROCESSING & MINERALS GROUP (10-Ks 2009-02-25 to 2011-03-29, cov 1.00, name n/a, via sec_search_ticker); 912615 URBAN OUTFITTERS INC (10-Ks 2009-04-01 to 2011-04-01, cov 1.00, name n/a, via membership_continuity)"
ADBE,1997-05-06,,796343,ADOBE INC.,verified,sec_tickers+wikipedia_current,1.00,1.00,2009-01-23,2026-01-15,Adobe Inc.,
ADI,1999-10-12,,6281,ANALOG DEVICES INC,verified,sec_tickers+wikipedia_current,1.00,1.00,2009-11-24,2025-11-25,Analog Devices,
ADM,1996-01-02,,7084,Archer-Daniels-Midland Co,verified,sec_tickers+wikipedia_current,1.00,1.00,2009-08-26,2026-02-17,Archer Daniels Midland,
ADP,1996-01-02,,8670,AUTOMATIC DATA PROCESSING INC,verified,sec_tickers+wikipedia_current,1.00,1.00,2009-08-28,2026-08-05,Automatic Data Processing,
ADS,2013-12-23,2020-06-22,1101215,"BREAD FINANCIAL HOLDINGS, INC.",verified,sec_search_name+sec_search_ticker,1.00,1.00,2013-02-28,2021-02-26,Alliance Data Systems,
ADSK,1996-01-02,,769397,"Autodesk, Inc.",verified,sec_tickers+wikipedia_current,1.00,1.00,2009-03-20,2026-03-03,Autodesk,
ADT,2012-10-02,2016-05-02,1546640,ADT Corp,verified,sec_search_name+sec_search_ticker,1.00,1.00,2012-11-27,2015-11-12,ADT,
AEE,1996-01-02,,1002910,AMEREN CORP,verified,sec_tickers+wikipedia_current,1.00,1.00,2009-03-02,2026-02-18,Ameren,
AEP,1996-01-02,,4904,AMERICAN ELECTRIC POWER CO INC,verified,sec_tickers+wikipedia_current,1.00,1.00,2009-02-27,2026-02-12,American Electric Power,
AES,1998-10-02,,874761,AES CORP,verified,sec_tickers+wikipedia_current,1.00,1.00,2009-02-26,2026-03-02,AES Corporation,
AET,1996-01-02,2018-11-29,1122304,AETNA INC /PA/,verified,sec_search_name+sec_search_ticker,1.00,1.00,2009-02-27,2018-02-23,Aetna,
AFL,1999-05-28,,4977,AFLAC INC,verified,sec_tickers+wikipedia_current,1.00,1.00,2009-02-20,2026-02-25,Aflac,
AGN,1996-01-02,2020-05-12,,,conflict,,,,,,Allergan,"more than one company passed: 1578845 Allergan plc (10-Ks 2014-02-25 to 2020-04-29, cov 0.90, name 1.00, via sec_search_name+sec_search_ticker); 850693 ALLERGAN INC (10-Ks 2009-02-27 to 2015-02-19, cov 0.70, name 1.00, via sec_search_name+sec_search_ticker)"
AIG,1996-01-02,,5272,"AMERICAN INTERNATIONAL GROUP, INC.",verified,sec_tickers+wikipedia_current,1.00,1.00,2009-03-02,2026-02-12,American International Group,
AIV,2003-03-14,2020-12-21,926660,"Apartment Income REIT, L.P.",verified,sec_search_name+sec_search_ticker,1.00,1.00,2009-02-27,2022-03-01,Aimco,
AIZ,2007-04-10,,1267238,"ASSURANT, INC.",verified,sec_tickers+wikipedia_current,1.00,1.00,2009-02-27,2026-02-19,Assurant,
AJG,2016-05-31,,354190,Arthur J. Gallagher & Co.,verified,sec_tickers+wikipedia_current,1.00,1.00,2016-02-10,2026-02-17,Arthur J. Gallagher & Co.,
AKAM,2007-07-12,,1086222,AKAMAI TECHNOLOGIES INC,verified,sec_tickers+wikipedia_current,1.00,1.00,2009-03-02,2026-02-20,Akamai Technologies,
AKS,2008-07-01,2011-12-19,918160,Cleveland-Cliffs Steel Holding Corp,verified,sec_search_name+sec_search_ticker,1.00,1.00,2009-02-24,2013-02-28,AK Steel,
ALB,2016-07-01,,915913,ALBEMARLE CORP,verified,sec_tickers+wikipedia_current,1.00,1.00,2016-02-29,2026-03-31,Albemarle Corporation,
ALGN,2017-06-19,,1097149,ALIGN TECHNOLOGY INC,verified,sec_tickers+wikipedia_current,1.00,1.00,2017-02-28,2026-02-27,Align Technology,
ALK,2016-05-13,2023-12-18,766421,"ALASKA AIR GROUP, INC.",verified,sec_search_name+sec_search_ticker+sec_tickers,1.00,1.00,2017-02-28,2025-02-14,Alaska Air Group,
ALL,1996-01-02,,899051,ALLSTATE CORP,verified,sec_tickers+wikipedia_current,1.00,1.00,2009-02-26,2026-02-20,Allstate,
ALLE,2013-12-02,,1579241,Allegion plc,verified,sec_tickers+wikipedia_current,1.00,1.00,2014-03-10,2026-02-17,Allegion,
ALTR,2000-04-18,2015-12-28,768251,ALTERA CORP,verified,sec_search_name+sec_search_ticker,1.00,1.00,2009-02-25,2015-02-13,Altera,
ALXN,2012-05-25,2021-07-21,899866,"ALEXION PHARMACEUTICALS, INC.",verified,sec_search_name+sec_search_ticker,1.00,1.00,2012-02-17,2021-02-16,Alexion Pharmaceuticals,
AMAT,1996-01-02,,6951,APPLIED MATERIALS INC /DE,verified,sec_tickers+wikipedia_current,1.00,1.00,2008-12-12,2025-12-12,Applied Materials,
AMCR,2019-06-07,,1748790,Amcor plc,verified,sec_tickers+wikipedia_current,1.00,1.00,2019-09-03,2026-08-14,Amcor,
AMD,1996-01-02,2013-09-23,2488,ADVANCED MICRO DEVICES INC,verified,sec_search_name+sec_search_ticker+sec_tickers,1.00,1.00,2009-02-24,2014-02-18,Advanced Micro Devices,
AMD,2017-03-20,,2488,ADVANCED MICRO DEVICES INC,verified,sec_tickers+wikipedia_current,1.00,1.00,2016-02-18,2026-02-04,Advanced Micro Devices,
AME,2013-09-23,,1037868,AMETEK INC/,verified,sec_tickers+wikipedia_current,1.00,1.00,2013-02-21,2026-02-17,Ametek,
AMG,2014-07-01,2019-12-23,1004434,"AFFILIATED MANAGERS GROUP, INC.",verified,sec_search_name+sec_search_ticker+sec_tickers,1.00,1.00,2014-02-27,2021-02-19,Affiliated Managers Group,
AMGN,1996-01-02,,318154,AMGEN INC,verified,sec_tickers+wikipedia_current,1.00,1.00,2009-02-27,2026-02-13,Amgen,
AMP,2005-10-03,,820027,AMERIPRISE FINANCIAL INC,verified,sec_tickers+wikipedia_current,1.00,1.00,2009-03-02,2026-03-12,Ameriprise Financial,
AMT,2007-11-19,,1053507,AMERICAN TOWER CORP /MA/,verified,sec_tickers+wikipedia_current,1.00,1.00,2009-02-26,2026-02-24,American Tower,
AMTM,2024-09-30,2024-12-23,2011286,"Amentum Holdings, Inc.",verified,sec_search_name+sec_search_ticker+sec_tickers,1.00,1.00,2024-12-17,2025-11-25,Amentum,
AMZN,2005-11-21,,1018724,AMAZON COM INC,verified,sec_tickers+wikipedia_current,1.00,1.00,2009-01-30,2026-02-06,Amazon,
AN,2003-02-24,2017-08-08,350698,"AUTONATION, INC.",verified,sec_search_name+sec_search_ticker+sec_tickers,1.00,1.00,2009-02-17,2018-02-15,AutoNation,
ANDV,2007-09-27,2018-10-01,50104,ANDEAVOR LLC,verified,sec_search_name+sec_search_ticker,1.00,1.00,2009-03-02,2018-02-21,Andeavor,chosen over 1507615 ANDEAVOR LOGISTICS LP by a closer name match
ANET,2018-08-28,,1596532,"Arista Networks, Inc.",verified,sec_tickers+wikipedia_current,1.00,1.00,2018-02-20,2026-02-17,Arista Networks,
ANF,2007-03-29,2013-12-23,1018840,ABERCROMBIE & FITCH CO /DE/,verified,sec_search_name+sec_search_ticker+sec_tickers,1.00,1.00,2009-03-27,2014-03-31,Abercrombie & Fitch,
ANRZQ,2011-06-02,2012-10-02,,,unresolved,,,,,,,"nothing backed by a name or an anchor passed the SEC filing check. Tried: 1703056 ADT Inc. (10-Ks None to None, cov 0.00, name n/a, via membership_continuity)"
ANSS,2017-06-19,2025-07-18,1013462,ANSYS INC,verified,sec_search_name+sec_search_ticker,1.00,1.00,2017-02-23,2025-02-19,Ansys,
ANTM,2002-07-25,2022-06-28,1156039,"Elevance Health, Inc.",verified,membership_continuity+sec_search_ticker,1.00,,2009-02-19,2023-02-15,,
AON,1996-04-23,,315293,Aon plc,verified,sec_tickers+wikipedia_current,1.00,1.00,2009-03-02,2026-02-13,Aon plc,
AOS,2017-07-26,,91142,SMITH A O CORP,verified,sec_tickers+wikipedia_current,1.00,1.00,2017-02-17,2026-02-10,A. O. Smith,
APA,1997-07-28,,,,unresolved,,,,,,APA Corporation,"nothing backed by a name or an anchor passed the SEC filing check. Tried: 1841666 APA Corp (10-Ks 2022-02-22 to 2026-02-26, cov 0.31, name 1.00, via sec_search_name+sec_search_ticker+sec_tickers+wikipedia_current); 1692787 Kinetik Holdings Inc. (10-Ks 2018-03-27 to 2026-02-26, cov 0.69, name 0.00, via sec_search_name); 1539838 Diamondback Energy, Inc. (10-Ks 2013-03-01 to 2026-02-25, cov 1.00, name 0.00, via sec_search_name); 723612 AVIS BUDGET GROUP, INC. (10-Ks 2009-02-26 to 2026-02-19, cov 1.00, name 0.00, via sec_search_ticker)"
APC,1997-07-28,2019-08-09,773910,ANADARKO PETROLEUM CORP,verified,sec_search_name,1.00,1.00,2009-02-25,2019-02-14,Anadarko Petroleum,
APD,1996-01-02,,2969,"Air Products & Chemicals, Inc.",verified,sec_tickers+wikipedia_current,1.00,1.00,2009-11-25,2025-11-20,Air Products,
APH,2008-09-30,,820313,AMPHENOL CORP /DE/,verified,sec_tickers+wikipedia_current,1.00,1.00,2009-02-23,2026-02-11,Amphenol,
APO,2024-12-23,,1858681,"Apollo Global Management, Inc.",verified,sec_tickers+wikipedia_current,1.00,1.00,2024-02-27,2026-02-25,Apollo Global Management,
APOL,2002-05-15,2013-07-01,,,unresolved,,,,,,Apollo Education Group,"nothing backed by a name or an anchor passed the SEC filing check. Tried: 929887 APOLLO EDUCATION GROUP INC (10-Ks 2009-10-27 to 2013-12-18, cov 1.00, name 0.50, via sec_search_ticker); 1104349 CAPELLA EDUCATION CO (10-Ks 2009-02-25 to 2014-02-20, cov 1.00, name 0.50, via sec_search_ticker); 1013934 Strategic Education, Inc. (10-Ks 2009-02-17 to 2014-02-26, cov 1.00, name 0.50, via sec_search_ticker); 1564708 NEWS CORP (10-Ks 2013-09-20 to 2014-08-14, cov 0.67, name 0.00, via membership_continuity)"
APP,2025-09-22,,1751008,AppLovin Corp,verified,sec_tickers+wikipedia_current,1.00,1.00,2025-02-27,2026-02-19,AppLovin,
APTV,2012-12-24,,1521332,Aptiv PLC,verified,sec_tickers+wikipedia_current,1.00,1.00,2012-02-17,2026-02-06,Aptiv,
ARE,2017-03-20,,1035443,"ALEXANDRIA REAL ESTATE EQUITIES, INC.",verified,sec_tickers+wikipedia_current,1.00,1.00,2017-01-31,2026-01-26,Alexandria Real Estate Equities,
ARES,2025-12-11,,1176948,Ares Management Corp,verified,sec_tickers+wikipedia_current,1.00,1.00,2025-02-27,2026-02-25,Ares Management,
ARG,2009-09-09,2016-05-23,804212,AIRGAS INC,verified,sec_search_name+sec_search_ticker,1.00,1.00,2009-06-01,2016-05-10,Airgas,
ARNC,1996-01-02,2020-04-06,4281,Howmet Aerospace Inc.,verified,membership_continuity+sec_search_name+sec_search_ticker,1.00,1.00,2009-02-17,2021-02-16,Arconic,
ATGE,2009-06-09,2012-10-01,,,unresolved,,,,,,,"nothing backed by a name or an anchor passed the SEC filing check. Search hits only (not used): 77360 PENTAIR plc (10-Ks 2009-02-24 to 2013-02-28, cov 1.00, name n/a, via membership_continuity)"
ATI,1996-01-02,2015-07-02,1018963,ATI INC,verified,sec_search_name+sec_search_ticker+sec_tickers,1.00,1.00,2009-02-23,2016-02-26,Allegheny Technologies,
ATO,2019-02-15,,731802,ATMOS ENERGY CORP,verified,sec_tickers+wikipedia_current,1.00,1.00,2018-11-13,2025-11-14,Atmos Energy,
ATVI,2015-08-31,2023-10-18,718877,"Activision Blizzard, Inc.",verified,sec_search_name+sec_search_ticker,1.00,1.00,2015-02-26,2023-02-23,Activision Blizzard,
AVB,2007-01-10,2026-08-18,915912,AVALONBAY COMMUNITIES INC,verified,sec_search_name+sec_search_ticker,1.00,1.00,2009-03-02,2026-02-27,AvalonBay Communities,
AVGO,2014-05-08,,1730168,Broadcom Inc.,verified,sec_tickers+wikipedia_current,0.67,1.00,2018-12-21,2025-12-18,Broadcom,
AVP,1996-01-02,2015-03-23,8868,AVON PRODUCTS INC,verified,sec_search_name+sec_search_ticker,1.00,1.00,2010-02-25,2016-02-23,Avon Products,
AVY,1996-01-02,,8818,Avery Dennison Corp,verified,sec_tickers+wikipedia_current,1.00,1.00,2009-02-25,2026-02-25,Avery Dennison,
AWK,2016-03-04,,1410636,"American Water Works Company, Inc.",verified,sec_tickers+wikipedia_current,1.00,1.00,2016-02-25,2026-02-18,American Water Works,
AXON,2023-05-04,,1069183,"AXON ENTERPRISE, INC.",verified,sec_tickers+wikipedia_current,1.00,1.00,2023-02-28,2026-02-25,Axon Enterprise,
AXP,1996-01-02,,4962,AMERICAN EXPRESS CO,verified,sec_tickers+wikipedia_current,1.00,1.00,2009-02-27,2026-02-06,American Express,
AYE,2000-12-11,2011-02-28,3673,"ALLEGHENY ENERGY, INC",verified,sec_search_name+sec_search_ticker,1.00,1.00,2009-03-02,2011-02-23,Allegheny Energy,
AYI,2016-05-03,2018-06-18,1144215,ACUITY INC. (DE),verified,sec_search_name+sec_search_ticker+sec_tickers,1.00,1.00,2015-10-27,2018-10-25,Acuity Brands,
AZO,1997-01-02,,866787,AUTOZONE INC,verified,sec_tickers+wikipedia_current,1.00,1.00,2009-10-26,2025-10-27,AutoZone,
BA,1996-01-02,,12927,BOEING CO,verified,sec_tickers+wikipedia_current,1.00,1.00,2009-02-09,2026-01-30,Boeing,
BAC,1996-01-02,,70858,BANK OF AMERICA CORP /DE/,verified,sec_tickers+wikipedia_current,1.00,1.00,2009-02-27,2026-02-25,Bank of America,
BALL,2022-05-10,,9389,BALL Corp,verified,sec_tickers+wikipedia_current,1.00,1.00,2022-02-16,2026-02-19,Ball Corporation,
BAX,1996-01-02,,10456,BAXTER INTERNATIONAL INC,verified,sec_tickers+wikipedia_current,1.00,1.00,2009-02-19,2026-02-12,Baxter International,
BBBY,1999-10-01,2017-07-26,886158,"20230930-DK-Butterfly-1, Inc.",verified,sec_search_name+sec_search_ticker,1.00,1.00,2009-04-28,2018-05-02,Bed Bath & Beyond,
BBT,1997-12-04,2019-12-09,92230,TRUIST FINANCIAL CORP,verified,membership_continuity+sec_search_ticker,1.00,,2009-02-27,2021-02-24,,
BBWI,2021-08-03,2024-10-01,701985,"Bath & Body Works, Inc.",verified,sec_search_name+sec_search_ticker+sec_tickers,1.00,1.00,2021-03-19,2025-03-14,"Bath & Body Works, Inc.",
BBY,1999-06-30,,764478,BEST BUY CO INC,verified,sec_tickers+wikipedia_current,1.00,1.00,2009-04-29,2026-03-18,Best Buy,
BCR,1996-01-02,2017-12-29,,,unresolved,,,,,,CR Bard,"nothing backed by a name or an anchor passed the SEC filing check. Tried: 310764 STRYKER CORP (10-Ks 2009-02-20 to 2019-02-07, cov 1.00, name 0.00, via sec_search_name); 876378 ASENSUS SURGICAL, INC. (10-Ks 2009-03-27 to 2019-02-27, cov 1.00, name 0.00, via sec_search_name); 728387 Perspective Therapeutics, Inc. (10-Ks 2009-09-23 to 2018-09-26, cov 1.00, name 0.00, via sec_search_name); 1333563 FORCE MINERALS CORP (10-Ks 2009-03-17 to 2015-05-04, cov 1.00, name 0.00, via sec_search_ticker)"
BDK,1996-01-02,2010-03-15,,,unresolved,,,,,,,"nothing backed by a name or an anchor passed the SEC filing check. Search hits only (not used): 1039684 ONEOK INC /NEW/ (10-Ks 2009-02-25 to 2011-02-22, cov 1.00, name n/a, via membership_continuity)"
BDX,1996-01-02,,10795,BECTON DICKINSON & CO,verified,sec_tickers+wikipedia_current,1.00,1.00,2009-11-25,2025-11-25,Becton Dickinson,
BEAM,1996-01-02,2014-05-01,,,unresolved,,,,,,Suntory Global Spirits,"nothing backed by a name or an anchor passed the SEC filing check. Tried: 1745999 Beam Therapeutics Inc. (10-Ks None to None, cov 0.00, name 0.00, via sec_tickers); 789073 Beam Suntory Inc. (10-Ks 2009-02-27 to 2014-04-29, cov 1.00, name 0.50, via sec_search_ticker); 1503518 21st Century Oncology Holdings, Inc. (10-Ks 2011-03-11 to 2015-03-27, cov 1.00, name 0.00, via sec_search_ticker); 1418780 ColorStars Group (10-Ks 2011-04-14 to 2015-04-15, cov 1.00, name 0.00, via sec_search_ticker)"
BEN,1998-04-29,,38777,FRANKLIN TEMPLETON INC,verified,sec_tickers+wikipedia_current,1.00,1.00,2009-11-24,2025-11-10,Franklin Resources,
BF.B,1996-01-02,,14693,BROWN FORMAN CORP,verified,sec_tickers+wikipedia_current,1.00,1.00,2009-06-26,2026-06-12,Brown–Forman,
BG,2023-03-15,,1996862,Bunge Global SA,verified,sec_tickers+wikipedia_current,1.00,1.00,2024-02-22,2026-02-19,Bunge Global,
BHF,2017-08-07,2019-04-02,1685040,"Brighthouse Financial, Inc.",verified,sec_search_name+sec_search_ticker+sec_tickers,1.00,1.00,2018-03-16,2020-02-26,Brighthouse Financial,
BHGE,1996-01-02,2019-10-18,,,unresolved,,,,,,,"nothing backed by a name or an anchor passed the SEC filing check. Search hits only (not used): 808362 Baker Hughes Holdings LLC (10-Ks 2009-02-27 to 2020-02-13, cov 1.00, name n/a, via sec_search_ticker); 40545 GENERAL ELECTRIC CO (10-Ks 2009-02-18 to 2020-02-24, cov 1.00, name n/a, via sec_search_ticker)"
BIG,1998-01-20,2013-02-14,768835,FORMER BL STORES INC,verified,sec_search_name+sec_search_ticker,1.00,1.00,2009-03-30,2014-04-01,Big Lots,
BIIB,2003-11-13,,875045,BIOGEN INC.,verified,sec_tickers+wikipedia_current,1.00,1.00,2009-02-06,2026-02-06,Biogen,
BIO,2020-06-22,2024-09-23,12208,"BIO-RAD LABORATORIES, INC.",verified,sec_search_name+sec_search_ticker+sec_tickers,1.00,1.00,2020-03-02,2025-02-14,Bio-Rad Laboratories,
BJS,2002-05-15,2010-04-29,,,unresolved,,,,,,BJ Services,"nothing backed by a name or an anchor passed the SEC filing check. Tried: 808362 Baker Hughes Holdings LLC (10-Ks 2009-02-27 to 2011-03-04, cov 1.00, name 0.00, via sec_search_name); 889900 PATTERSON UTI ENERGY INC (10-Ks 2009-02-19 to 2011-02-14, cov 1.00, name 0.00, via sec_search_name); 742278 RPC INC (10-Ks 2009-03-05 to 2011-03-04, cov 1.00, name 0.00, via sec_search_name); 907254 SAUL CENTERS, INC. (10-Ks 2009-03-16 to 2011-03-04, cov 1.00, name 0.00, via sec_search_ticker)"
BK,1996-01-02,2026-05-21,1390777,Bank of New York Mellon Corp,verified,membership_continuity+sec_search_ticker,1.00,,2009-02-27,2026-02-25,,
BKNG,2009-11-06,,1075531,Booking Holdings Inc.,verified,sec_tickers+wikipedia_current,1.00,1.00,2009-02-20,2026-02-18,Booking Holdings,
BKR,2019-10-18,,1701605,Baker Hughes Co,verified,sec_tickers+wikipedia_current,1.00,1.00,2019-02-19,2026-02-05,Baker Hughes,
BLDR,2023-12-18,,1316835,"Builders FirstSource, Inc.",verified,sec_search_ticker+sec_tickers,1.00,,2023-02-28,2026-02-17,,
BLK,2011-04-04,,,"BlackRock Finance, Inc.",split,sec_search_name+sec_search_ticker,1.00,1.00,2010-03-10,2024-02-23,BlackRock,"today's company ID 2012383 (BlackRock, Inc.) has little filing history; a predecessor filed the earlier reports: 1364742 BlackRock Finance, Inc. (10-Ks 2010-03-10 to 2024-02-23); 1326003 BlackRock Capital Investment Corp (10-Ks 2010-03-12 to 2024-03-05)"
BLL,1996-01-02,2022-05-10,9389,BALL Corp,verified,membership_continuity+sec_search_ticker,1.00,,2009-02-25,2023-02-21,,
BMC,1998-10-01,2013-09-11,835729,BMC SOFTWARE INC,verified,sec_search_name+sec_search_ticker,1.00,1.00,2009-05-18,2013-07-26,BMC Software,"chosen over 1269879 Dewmar International BMC, Inc. by a closer name match"
BMS,1996-01-02,2014-12-05,11199,"Amcor Flexibles North America, Inc.",verified,sec_search_name+sec_search_ticker,1.00,1.00,2009-02-27,2016-02-19,Bemis Company,
BMY,1996-01-02,,14272,BRISTOL MYERS SQUIBB CO,verified,sec_tickers+wikipedia_current,1.00,1.00,2009-02-20,2026-02-11,Bristol Myers Squibb,
BNI,1996-01-02,2010-02-16,,,unresolved,,,,,,,"nothing backed by a name or an anchor passed the SEC filing check. Search hits only (not used): 934612 BURLINGTON NORTHERN SANTA FE, LLC (10-Ks 2009-02-13 to 2011-02-28, cov 1.00, name n/a, via sec_search_ticker); 66756 ALLETE INC (10-Ks 2009-02-13 to 2011-02-16, cov 1.00, name n/a, via sec_search_ticker); 15511 BNSF RAILWAY CO (10-Ks 2009-02-13 to 2011-02-28, cov 1.00, name n/a, via sec_search_ticker); 1067983 BERKSHIRE HATHAWAY INC (10-Ks 2009-03-02 to 2011-02-28, cov 1.00, name n/a, via membership_continuity)"
BNY,2026-05-21,,1390777,Bank of New York Mellon Corp,verified,sec_tickers+wikipedia_current,1.00,0.50,2026-02-25,2026-02-25,BNY Mellon,
BR,2018-06-18,,1383312,"BROADRIDGE FINANCIAL SOLUTIONS, INC.",verified,sec_tickers+wikipedia_current,1.00,1.00,2017-08-10,2026-08-04,Broadridge Financial Solutions,
BRCM,2000-07-03,2016-02-01,1054374,BROADCOM CORP,verified,sec_search_name+sec_search_ticker,1.00,1.00,2009-02-04,2015-01-29,Broadcom Corporation,
BRK.B,2010-02-16,,1067983,BERKSHIRE HATHAWAY INC,verified,sec_tickers+wikipedia_current,1.00,1.00,2009-03-02,2026-03-02,Berkshire Hathaway,
BRO,2021-09-20,,79282,"BROWN & BROWN, INC.",verified,sec_tickers+wikipedia_current,1.00,1.00,2021-02-23,2026-02-12,Brown & Brown,
BSX,1996-01-02,,885725,BOSTON SCIENTIFIC CORP,verified,sec_tickers+wikipedia_current,1.00,1.00,2009-02-27,2026-02-17,Boston Scientific,
BTUUQ,2006-11-20,2014-09-22,,,unresolved,,,,,,,"nothing backed by a name or an anchor passed the SEC filing check. Search hits only (not used): 352915 UNIVERSAL HEALTH SERVICES INC (10-Ks 2009-02-26 to 2015-02-26, cov 1.00, name n/a, via membership_continuity); 1067701 UNITED RENTALS, INC. (10-Ks 2009-02-26 to 2015-01-21, cov 1.00, name n/a, via membership_continuity)"
BWA,2011-12-19,2025-03-24,908255,BORGWARNER INC,verified,sec_search_name+sec_search_ticker+sec_tickers,1.00,1.00,2011-02-10,2026-02-11,BorgWarner,
BX,2023-09-18,,1393818,Blackstone Inc.,verified,sec_tickers+wikipedia_current,1.00,1.00,2023-02-24,2026-02-27,Blackstone Inc.,
BXLT,2015-07-01,2016-06-03,1620546,Baxalta Inc,verified,sec_search_name+sec_search_ticker,1.00,1.00,2016-03-03,2016-03-03,Baxalta,
BXP,2006-04-03,,1037540,"BXP, Inc.",verified,sec_tickers+wikipedia_current,1.00,1.00,2009-03-02,2026-02-27,"BXP, Inc.",
C,1996-01-02,,831001,CITIGROUP INC,verified,sec_tickers+wikipedia_current,1.00,1.00,2009-02-27,2026-02-20,Citigroup,
CA,1996-01-02,2018-11-06,356028,"CA, INC.",verified,sec_search_name,1.00,1.00,2009-05-15,2018-05-09,CA Technologies,
CAG,1996-01-02,2026-06-30,23217,CONAGRA BRANDS INC.,verified,sec_search_name+sec_search_ticker+sec_tickers,1.00,1.00,2009-07-24,2026-07-15,Conagra Brands,
CAH,1997-05-27,,721371,CARDINAL HEALTH INC,verified,sec_tickers+wikipedia_current,1.00,1.00,2009-08-27,2026-08-11,Cardinal Health,
CAM,2008-01-29,2016-04-04,941548,CAMERON INTERNATIONAL CORP,verified,sec_search_name,1.00,1.00,2009-02-25,2016-04-01,Cameron International,
CARR,2020-04-03,,1783180,CARRIER GLOBAL Corp,verified,sec_tickers+wikipedia_current,1.00,1.00,2021-02-09,2026-02-05,Carrier Global,
CASY,2026-04-09,,726958,CASEYS GENERAL STORES INC,verified,sec_tickers+wikipedia_current,1.00,1.00,2025-06-23,2026-06-22,Casey's,
CAT,1996-01-02,,18230,CATERPILLAR INC,verified,sec_tickers+wikipedia_current,1.00,1.00,2009-02-20,2026-02-13,Caterpillar Inc.,
CB,1996-01-02,,896159,Chubb Ltd,verified,sec_tickers+wikipedia_current,1.00,1.00,2009-02-27,2026-02-27,Chubb Limited,
CBE,2011-11-23,2012-12-03,1141982,Cooper Industries plc,verified,sec_search_name,1.00,1.00,2011-02-22,2012-02-21,Cooper Industries,
CBOE,2017-03-01,,1374310,"Cboe Global Markets, Inc.",verified,sec_tickers+wikipedia_current,1.00,1.00,2016-02-19,2026-02-20,Cboe Global Markets,
CBRE,2006-11-10,,1138118,"CBRE GROUP, INC.",verified,sec_tickers+wikipedia_current,1.00,1.00,2009-03-02,2026-02-12,CBRE Group,
CBS,1996-01-02,2019-12-05,,,unresolved,,,,,,,"nothing backed by a name or an anchor passed the SEC filing check. Search hits only (not used): 813828 Paramount Global (10-Ks 2009-02-25 to 2021-02-24, cov 1.00, name n/a, via sec_search_ticker); 1476719 Crumbs Bake Shop, Inc. (10-Ks 2011-02-11 to 2014-03-31, cov 0.67, name n/a, via sec_search_ticker); 1067837 AUDACY, INC. (10-Ks 2010-03-15 to 2021-03-01, cov 1.00, name n/a, via sec_search_ticker); 11544 BERKLEY W R CORP (10-Ks 2009-02-27 to 2021-02-18, cov 1.00, name n/a, via membership_continuity)"
CCE,1998-10-08,2016-05-31,1491675,"COCA-COLA EUROPEAN PARTNERS US, LLC",verified,sec_search_name+sec_search_ticker,1.00,1.00,2011-02-14,2016-02-11,Coca-Cola Enterprises,
CCEP,2016-01-04,2016-05-31,,,unresolved,,,,,,,"nothing backed by a name or an anchor passed the SEC filing check. Search hits only (not used): 1491675 COCA-COLA EUROPEAN PARTNERS US, LLC (10-Ks 2015-02-12 to 2016-02-11, cov 1.00, name n/a, via sec_search_ticker); 21344 COCA COLA CO (10-Ks 2015-02-25 to 2017-02-24, cov 1.00, name n/a, via sec_search_ticker); 865752 Monster Beverage Corp (10-Ks 2015-03-02 to 2017-04-13, cov 1.00, name n/a, via sec_search_ticker); 354190 Arthur J. Gallagher & Co. (10-Ks 2015-02-13 to 2017-02-13, cov 1.00, name n/a, via membership_continuity)"
CCI,2012-03-13,,1051470,CROWN CASTLE INC.,verified,sec_tickers+wikipedia_current,1.00,1.00,2011-02-15,2026-02-23,Crown Castle,
CCL,1998-12-22,,815097,Carnival Corp Ltd.,verified,sec_tickers+wikipedia_current,1.00,1.00,2009-01-29,2026-01-27,Carnival Corporation,
CDAY,2021-09-20,2024-02-01,1725057,"Dayforce, Inc.",verified,sec_search_name+sec_search_ticker,1.00,1.00,2021-02-26,2025-02-28,Ceridian,
CDNS,2017-09-18,,813672,CADENCE DESIGN SYSTEMS INC,verified,sec_tickers+wikipedia_current,1.00,1.00,2017-02-10,2026-02-19,Cadence Design Systems,
CDW,2019-09-23,,1402057,CDW Corp,verified,sec_tickers+wikipedia_current,1.00,1.00,2019-02-27,2026-02-20,CDW Corporation,
CE,2018-12-24,2025-03-24,1306830,Celanese Corp,verified,sec_search_name+sec_tickers,1.00,1.00,2018-02-09,2026-02-24,Celanese,
CEG,1996-01-02,2012-03-13,1004440,CONSTELLATION ENERGY GROUP INC,verified,sec_search_name+sec_search_ticker,1.00,1.00,2009-02-27,2012-04-27,Constellation Energy Group,chosen over 1362705 Evolve Transition Infrastructure LP by a closer name match
CEG,2022-02-02,,1868275,Constellation Energy Corp,verified,sec_tickers+wikipedia_current,1.00,1.00,2022-02-25,2026-02-24,Constellation Energy,
CELG,2006-11-06,2019-11-21,816284,CELGENE CORP /DE/,verified,sec_search_name+sec_search_ticker,1.00,1.00,2009-02-17,2019-03-01,Celgene,
CEPH,2008-11-17,2011-10-14,873364,CEPHALON INC,verified,sec_search_name+sec_search_ticker,1.00,1.00,2009-02-23,2011-05-05,Cephalon,
CERN,2010-04-30,2022-06-08,804753,CERNER Corp,verified,sec_search_name+sec_search_ticker,1.00,1.00,2010-02-22,2022-02-22,Cerner,
CF,2008-08-27,,1324404,"CF Industries Holdings, Inc.",verified,sec_tickers+wikipedia_current,1.00,1.00,2009-02-26,2026-02-25,CF Industries,
CFG,2016-02-01,,759944,CITIZENS FINANCIAL GROUP INC/RI,verified,sec_tickers+wikipedia_current,1.00,1.00,2015-03-03,2026-02-12,Citizens Financial Group,
CFN,2009-09-01,2015-03-17,1457543,CAREFUSION Corp,verified,sec_search_name+sec_search_ticker,1.00,1.00,2009-09-15,2014-08-11,Carefusion,
CHD,2015-12-29,,313927,CHURCH & DWIGHT CO INC /DE/,verified,sec_tickers+wikipedia_current,1.00,1.00,2015-02-20,2026-02-12,Church & Dwight,
CHK,2006-03-03,2018-03-19,895126,EXPAND ENERGY Corp,verified,sec_search_name+sec_search_ticker,1.00,1.00,2009-03-02,2019-02-27,Chesapeake Energy,chosen over 1483096 WILLIAMS PARTNERS L.P. by a closer name match
CHRW,2007-03-02,,1043277,"C. H. ROBINSON WORLDWIDE, INC.",verified,sec_tickers+wikipedia_current,1.00,1.00,2009-02-27,2026-02-13,C.H. Robinson,
CHTR,2016-09-08,,1091667,"CHARTER COMMUNICATIONS, INC. /MO/",verified,sec_tickers+wikipedia_current,1.00,1.00,2016-02-10,2026-01-30,Charter Communications,
CI,1996-01-02,,1739940,Cigna Group,verified,sec_tickers+wikipedia_current,0.50,1.00,2019-02-28,2026-02-26,Cigna,
CIEN,2026-02-09,,936395,CIENA CORP,verified,sec_tickers+wikipedia_current,1.00,1.00,2025-12-12,2025-12-12,Ciena,
CINF,1997-12-18,,20286,CINCINNATI FINANCIAL CORP,verified,sec_tickers+wikipedia_current,1.00,1.00,2009-02-27,2026-02-23,Cincinnati Financial,
CL,1996-01-02,,21665,COLGATE PALMOLIVE CO,verified,sec_tickers+wikipedia_current,1.00,1.00,2009-02-27,2026-02-23,Colgate-Palmolive,
CLF,2009-12-21,2014-04-02,764065,CLEVELAND-CLIFFS INC.,verified,sec_search_name+sec_search_ticker+sec_tickers,1.00,1.00,2009-02-26,2015-02-25,Cliffs Natural Resources,
CLX,1996-01-02,,21076,CLOROX CO /DE/,verified,sec_tickers+wikipedia_current,1.00,1.00,2009-08-25,2026-08-07,Clorox,
CMA,1996-01-02,2024-06-24,28412,COMERICA INC,verified,sec_search_name+sec_search_ticker,1.00,1.00,2009-02-24,2025-02-24,Comerica,
CMCSA,1996-01-02,,1166691,COMCAST CORP,verified,sec_tickers+wikipedia_current,1.00,1.00,2009-02-20,2026-02-03,Comcast,
CMCSK,2015-09-21,2015-12-14,,,unresolved,,,,,,Comcast Series K,nothing backed by a name or an anchor passed the SEC filing check. No candidates found
CME,2006-08-11,,1156375,CME GROUP INC.,verified,sec_tickers+wikipedia_current,1.00,1.00,2009-03-02,2026-02-26,CME Group,
CMG,2011-04-28,,1058090,CHIPOTLE MEXICAN GRILL INC,verified,sec_tickers+wikipedia_current,1.00,1.00,2011-02-17,2026-02-04,Chipotle Mexican Grill,
CMI,1996-01-02,,26172,CUMMINS INC,verified,sec_tickers+wikipedia_current,1.00,1.00,2009-02-27,2026-02-10,Cummins,
CMS,1999-05-03,,811156,CMS ENERGY CORP,verified,sec_tickers+wikipedia_current,1.00,1.00,2009-02-25,2026-02-10,CMS Energy,
CNC,2016-03-30,,1071739,CENTENE CORP,verified,sec_tickers+wikipedia_current,1.00,1.00,2016-02-22,2026-02-17,Centene Corporation,
CNP,1996-01-02,,1130310,CENTERPOINT ENERGY INC,verified,sec_tickers+wikipedia_current,1.00,1.00,2009-02-25,2026-02-19,CenterPoint Energy,
CNX,2006-06-28,2016-03-04,1070412,CNX Resources Corp,verified,sec_search_name+sec_search_ticker+sec_tickers,1.00,1.00,2009-02-17,2017-02-08,Consol Energy,
COF,1998-07-01,,927628,CAPITAL ONE FINANCIAL CORP,verified,sec_tickers+wikipedia_current,1.00,1.00,2009-02-26,2026-02-19,Capital One,
COG,2008-06-23,2021-10-04,,,unresolved,,,,,,,"nothing backed by a name or an anchor passed the SEC filing check. Search hits only (not used): 858470 Coterra Energy Inc. (10-Ks 2009-02-27 to 2022-03-01, cov 1.00, name n/a, via sec_search_ticker); 1211583 FENNEC PHARMACEUTICALS INC. (10-Ks 2009-03-30 to 2022-02-28, cov 1.00, name n/a, via sec_search_ticker); 1358071 CONCHO RESOURCES INC (10-Ks 2009-02-27 to 2020-02-19, cov 1.00, name n/a, via sec_search_ticker)"
COHR,2026-03-23,,820318,COHERENT CORP.,verified,sec_tickers+wikipedia_current,1.00,1.00,2025-08-15,2026-08-14,Coherent Corp.,
COIN,2025-05-19,,1679788,"Coinbase Global, Inc.",verified,sec_tickers+wikipedia_current,1.00,1.00,2025-02-13,2026-02-12,Coinbase,
COL,2001-07-02,2018-11-27,1137411,ROCKWELL COLLINS INC,verified,sec_search_name+sec_search_ticker,1.00,1.00,2009-11-23,2018-11-27,Rockwell Collins,
COO,2016-09-23,,711404,"COOPER COMPANIES, INC.",verified,sec_tickers+wikipedia_current,1.00,1.00,2015-12-18,2025-12-05,Cooper Companies (The),
COP,1996-01-02,,1163165,CONOCOPHILLIPS,verified,sec_tickers+wikipedia_current,1.00,1.00,2009-02-25,2026-02-17,ConocoPhillips,
COR,2023-08-30,,1140859,"Cencora, Inc.",verified,sec_tickers+wikipedia_current,1.00,1.00,2022-11-22,2025-11-25,Cencora,
COST,1996-01-02,,909832,COSTCO WHOLESALE CORP /NEW,verified,sec_tickers+wikipedia_current,1.00,1.00,2009-10-16,2025-10-08,Costco,
COTY,2016-10-03,2020-09-21,1024305,COTY INC.,verified,sec_search_name+sec_search_ticker+sec_tickers,1.00,1.00,2016-08-18,2021-09-24,Coty,
COV,2011-03-01,2015-01-27,1385187,Covidien plc,verified,sec_search_name+sec_search_ticker,1.00,1.00,2010-11-22,2015-01-22,Covidien,
CPAY,2024-03-25,,1175454,"CORPAY, INC.",verified,sec_tickers+wikipedia_current,1.00,1.00,2023-02-28,2026-02-27,Corpay,
CPB,1996-01-02,2026-06-22,16732,CAMPBELL'S Co,verified,sec_search_name+sec_search_ticker+sec_tickers,1.00,1.00,2009-09-30,2026-09-24,Campbell's,
CPGX,2015-07-02,2016-07-01,1629995,"Columbia Pipeline Group, Inc.",verified,sec_search_name+sec_search_ticker,1.00,1.00,2016-02-18,2017-02-17,Columbia Pipeline Group,chosen over 1420783 Columbia Pipeline Partners LP by a closer name match
CPRI,2016-01-04,2020-05-12,1530721,Capri Holdings Ltd,verified,sec_search_name+sec_search_ticker+sec_tickers,1.00,1.00,2015-05-27,2021-05-26,Capri Holdings,
CPRT,2018-07-02,,900075,COPART INC,verified,sec_tickers+wikipedia_current,1.00,1.00,2017-09-28,2026-09-29,Copart,
CPT,2022-04-04,,906345,CAMDEN PROPERTY TRUST,verified,sec_tickers+wikipedia_current,1.00,1.00,2022-02-17,2026-02-12,Camden Property Trust,
CPWR,1999-01-04,2012-01-03,859014,COMPUWARE CORP,verified,sec_search_name+sec_search_ticker,1.00,1.00,2009-05-28,2012-05-29,Compuware,
CRH,2025-12-22,,849395,CRH PUBLIC LTD CO,verified,sec_tickers+wikipedia_current,1.00,1.00,2025-02-26,2026-02-18,CRH plc,
CRL,2021-05-14,,1100682,"CHARLES RIVER LABORATORIES INTERNATIONAL, INC.",verified,sec_tickers+wikipedia_current,1.00,1.00,2021-02-17,2026-02-18,Charles River Laboratories,
CRM,2008-09-15,,1108524,"Salesforce, Inc.",verified,sec_tickers+wikipedia_current,1.00,1.00,2009-03-09,2026-03-02,Salesforce,
CRWD,2024-06-24,,1535527,"CrowdStrike Holdings, Inc.",verified,sec_tickers+wikipedia_current,1.00,1.00,2024-03-07,2026-03-05,CrowdStrike,
CSCO,1996-01-02,,858877,"CISCO SYSTEMS, INC.",verified,sec_tickers+wikipedia_current,1.00,1.00,2009-09-11,2026-09-02,Cisco,
CSGP,2022-09-19,,1057352,"COSTAR GROUP, INC.",verified,sec_tickers+wikipedia_current,1.00,1.00,2022-02-23,2026-02-26,CoStar Group,
CSRA,2015-11-30,2018-04-04,1646383,CSRA Inc.,verified,sec_search_name+sec_search_ticker,1.00,1.00,2016-05-27,2017-05-25,CSRA,
CSX,1996-01-02,,277948,CSX CORP,verified,sec_tickers+wikipedia_current,1.00,1.00,2009-02-19,2026-02-12,CSX Corporation,
CTAS,2001-03-01,,723254,CINTAS CORP,verified,sec_tickers+wikipedia_current,1.00,1.00,2009-07-30,2026-07-29,Cintas,
CTL,1999-03-25,2020-09-18,18926,"Lumen Technologies, Inc.",verified,membership_continuity+sec_search_ticker,1.00,,2009-02-27,2021-02-25,,
CTLT,2020-09-21,2024-12-23,1596783,"Catalent, Inc.",verified,sec_search_name+sec_search_ticker,1.00,1.00,2019-08-27,2024-10-25,Catalent,
CTRA,2021-10-04,2026-05-07,858470,Coterra Energy Inc.,verified,sec_search_name+sec_search_ticker,1.00,1.00,2021-02-26,2026-04-24,Coterra Energy,
CTSH,2006-11-17,,1058290,COGNIZANT TECHNOLOGY SOLUTIONS CORP,verified,sec_tickers+wikipedia_current,1.00,1.00,2009-03-02,2026-02-12,Cognizant,
CTVA,2019-06-03,,1755672,"Corteva, Inc.",verified,sec_tickers+wikipedia_current,1.00,1.00,2020-02-14,2026-02-12,Corteva,
CTXS,1999-12-01,2022-10-03,877890,CITRIX SYSTEMS INC,verified,sec_search_name+sec_search_ticker,1.00,1.00,2009-02-27,2022-04-29,Citrix Systems,
CVC,2010-12-20,2016-06-21,1053112,CABLEVISION SYSTEMS CORP /NY,verified,sec_search_name+sec_search_ticker,1.00,1.00,2010-02-25,2016-04-29,Cablevision Systems,
CVH,2005-08-30,2013-05-07,1054833,COVENTRY HEALTH CARE INC,verified,sec_search_name+sec_search_ticker,1.00,1.00,2009-02-27,2013-04-30,Coventry Health Care,
CVNA,2025-12-22,,1690820,CARVANA CO.,verified,sec_tickers+wikipedia_current,1.00,1.00,2025-02-19,2026-02-18,Carvana,
CVS,1996-01-02,,64803,CVS HEALTH Corp,verified,sec_tickers+wikipedia_current,1.00,1.00,2009-02-27,2026-02-10,CVS Health,
CVX,1996-01-02,,93410,CHEVRON CORP,verified,sec_tickers+wikipedia_current,1.00,1.00,2009-02-26,2026-02-24,Chevron Corporation,
CXO,2016-02-22,2021-01-21,1358071,CONCHO RESOURCES INC,verified,sec_search_name+sec_search_ticker,1.00,1.00,2015-02-26,2020-02-19,Concho Resources,
CZR,2021-03-22,2025-09-22,1590895,"Caesars Entertainment, Inc.",verified,sec_search_name+sec_search_ticker+sec_tickers,1.00,1.00,2020-02-28,2026-02-17,Caesars Entertainment,
D,1996-01-02,,715957,"DOMINION ENERGY, INC",verified,sec_tickers+wikipedia_current,1.00,1.00,2009-02-26,2026-02-23,Dominion Energy,
DAL,2013-09-11,,27904,"DELTA AIR LINES, INC.",verified,sec_tickers+wikipedia_current,1.00,1.00,2013-02-13,2026-02-11,Delta Air Lines,
DASH,2025-03-24,,1792789,"DoorDash, Inc.",verified,sec_tickers+wikipedia_current,1.00,1.00,2024-02-20,2026-05-06,DoorDash,
DAY,2024-02-01,2026-02-09,1725057,"Dayforce, Inc.",verified,sec_search_name,1.00,1.00,2023-03-01,2025-02-28,Dayforce,
DD,1996-01-02,2017-09-01,,,conflict,,,,,,DuPont,"more than one company passed: 30554 EIDP, Inc. (10-Ks 2009-02-12 to 2018-02-15, cov 1.00, name 1.00, via sec_search_name+sec_search_ticker); 1407739 DUPONT FABROS TECHNOLOGY, INC. (10-Ks 2009-02-27 to 2017-02-23, cov 1.00, name 1.00, via sec_search_name); 1418175 DuPont Fabros Technology LP (10-Ks 2011-02-24 to 2017-02-23, cov 1.00, name 1.00, via sec_search_name)"
DD,2019-06-03,,1666700,"DuPont de Nemours, Inc.",verified,sec_tickers+wikipedia_current,1.00,1.00,2019-02-11,2026-02-17,DuPont,
DDOG,2025-07-09,,1561550,"Datadog, Inc.",verified,sec_tickers+wikipedia_current,1.00,1.00,2025-02-20,2026-02-18,Datadog,
DE,1996-01-02,,315189,DEERE & CO,verified,sec_tickers+wikipedia_current,1.00,1.00,2008-12-18,2025-12-18,Deere & Company,
DECK,2024-03-18,,910521,DECKERS OUTDOOR CORP,verified,sec_tickers+wikipedia_current,1.00,1.00,2023-05-26,2026-05-22,Deckers Brands,
DELL,1996-09-06,2013-10-29,826083,DELL INC,verified,sec_search_name+sec_search_ticker,1.00,1.00,2009-03-26,2013-06-03,Dell,
DELL,2024-09-23,,1571996,Dell Technologies Inc.,verified,sec_tickers+wikipedia_current,1.00,1.00,2024-03-25,2026-03-16,Dell Technologies,
DF,2006-04-03,2013-05-24,931336,DEAN FOODS CO,verified,sec_search_name,1.00,1.00,2009-02-24,2014-02-24,Dean Foods,
DFS,2007-07-02,2025-05-19,1393612,Discover Financial Services,verified,sec_search_name+sec_search_ticker,1.00,1.00,2009-01-28,2025-03-07,Discover Financial,chosen over 1407200 Discover Card Execution Note Trust by a closer name match
DG,2012-12-03,,29534,DOLLAR GENERAL CORP,verified,sec_tickers+wikipedia_current,1.00,1.00,2012-03-22,2026-03-20,Dollar General,
DGX,2002-12-12,,1022079,QUEST DIAGNOSTICS INC,verified,sec_tickers+wikipedia_current,1.00,1.00,2009-02-17,2026-02-26,Quest Diagnostics,
DHI,2005-07-05,,882184,HORTON D R INC /DE/,verified,sec_tickers+wikipedia_current,1.00,1.00,2009-11-20,2025-11-19,D. R. Horton,
DHR,1998-11-18,,313616,DANAHER CORP /DE/,verified,sec_tickers+wikipedia_current,1.00,1.00,2009-02-25,2026-02-24,Danaher Corporation,
DIS,1996-01-02,,1744489,Walt Disney Co,verified,sec_tickers+wikipedia_current,0.56,1.00,2019-11-20,2025-11-13,Walt Disney Company (The),
DISCA,2010-03-01,2022-04-11,1437107,"Warner Bros. Discovery, Inc.",verified,membership_continuity+sec_search_name+sec_search_ticker,1.00,1.00,2009-02-26,2023-02-24,"Discovery, Inc.",
DISCK,2014-08-07,2022-04-11,1437107,"Warner Bros. Discovery, Inc.",verified,membership_continuity+sec_search_name+sec_search_ticker,1.00,1.00,2014-02-20,2023-02-24,"Discovery, Inc.",
DISH,2017-03-13,2023-06-20,1001082,DISH Network CORP,verified,sec_search_name+sec_search_ticker,1.00,1.00,2016-02-18,2024-03-29,Dish Network,
DLR,2016-05-18,,1297996,"DIGITAL REALTY TRUST, INC.",verified,sec_tickers+wikipedia_current,1.00,1.00,2016-02-29,2026-02-13,Digital Realty,
DLTR,2011-12-19,,935703,"DOLLAR TREE, INC.",verified,sec_tickers+wikipedia_current,1.00,1.00,2011-03-17,2026-03-16,Dollar Tree,
DNB,2008-12-02,2017-04-05,1115222,DUN & BRADSTREET CORP/NW,verified,sec_search_name+sec_search_ticker,1.00,1.00,2009-02-24,2018-02-22,Dun & Bradstreet,
DNR,2009-04-02,2015-03-23,945764,DENBURY INC,verified,sec_search_name+sec_search_ticker,1.00,1.00,2009-03-02,2016-02-26,Denbury Resources,
DO,2009-02-26,2016-10-03,949039,"DIAMOND OFFSHORE DRILLING, INC.",verified,sec_search_name,1.00,1.00,2009-02-24,2017-02-16,Diamond Offshore Drilling,
DOC,2024-03-04,,765880,"HEALTHPEAK PROPERTIES, INC.",verified,sec_tickers+wikipedia_current,1.00,1.00,2023-02-08,2026-02-03,Healthpeak Properties,
DOV,1996-01-02,,29905,DOVER Corp,verified,sec_tickers+wikipedia_current,1.00,1.00,2009-02-20,2026-02-13,Dover Corporation,
DOW,1996-01-02,2017-09-01,29915,DOW CHEMICAL CO /DE/,verified,sec_search_name+sec_search_ticker,1.00,1.00,2009-02-20,2018-02-15,Dow Chemical Company,
DOW,2019-04-02,,1751788,DOW INC.,verified,sec_tickers+wikipedia_current,1.00,1.00,2020-02-07,2026-02-03,Dow Inc.,
DPZ,2020-05-12,,1286681,DOMINOS PIZZA INC,verified,sec_tickers+wikipedia_current,1.00,1.00,2020-02-20,2026-02-23,Domino's,
DRE,2017-07-26,2022-10-03,783280,DUKE REALTY CORP,verified,sec_search_name+sec_search_ticker,1.00,1.00,2017-02-17,2022-02-18,Duke Realty,chosen over 1003410 DUKE REALTY Ltd PARTNERSHIP/ by a closer name match
DRI,1996-01-02,,940944,DARDEN RESTAURANTS INC,verified,sec_tickers+wikipedia_current,1.00,1.00,2009-07-24,2026-07-24,Darden Restaurants,
DTE,1996-01-02,,936340,DTE ENERGY CO,verified,sec_tickers+wikipedia_current,1.00,1.00,2009-02-27,2026-02-17,DTE Energy,
DTV,2006-12-04,2015-07-27,,,conflict,,,,,,DirecTV,"more than one company passed: 1465112 DIRECTV (10-Ks 2010-02-26 to 2015-06-04, cov 1.00, name 1.00, via sec_search_name+sec_search_ticker); 1234307 DIRECTV FINANCING CO INC (10-Ks 2009-02-27 to 2011-02-28, cov 0.80, name 1.00, via sec_search_name); 1234308 DIRECTV HOLDINGS LLC (10-Ks 2009-02-27 to 2011-02-28, cov 0.80, name 1.00, via sec_search_name)"
DUK,1996-01-02,,1326160,Duke Energy CORP,verified,sec_tickers+wikipedia_current,1.00,1.00,2009-02-27,2026-02-26,Duke Energy,
DVA,2008-07-31,,927066,DAVITA INC.,verified,sec_tickers+wikipedia_current,1.00,1.00,2009-02-27,2026-02-11,DaVita,
DVN,2000-08-30,,1090012,DEVON ENERGY CORP/DE,verified,sec_tickers+wikipedia_current,1.00,1.00,2009-02-27,2026-04-21,Devon Energy,
DWDP,2017-09-01,2019-06-03,,,conflict,,,,,,DuPont,"more than one company passed: 30554 EIDP, Inc. (10-Ks 2017-02-02 to 2020-02-14, cov 1.00, name 1.00, via sec_search_name+sec_search_ticker); 1666700 DuPont de Nemours, Inc. (10-Ks 2018-02-15 to 2020-02-14, cov 1.00, name 1.00, via membership_continuity+sec_search_ticker)"
DXC,1996-01-02,2015-12-01,,,unresolved,,,,,,,"nothing backed by a name or an anchor passed the SEC filing check. Search hits only (not used): 1175416 STERLING GROUP VENTURES INC (10-Ks 2009-08-28 to 2016-09-16, cov 1.00, name n/a, via sec_search_ticker); 840467 BECKMAN COULTER INC (10-Ks 2009-02-23 to 2011-02-23, cov 0.60, name n/a, via sec_search_ticker)"
DXC,2017-04-04,2023-10-02,1688568,DXC Technology Co,verified,sec_search_name+sec_search_ticker+sec_tickers,1.00,1.00,2018-05-29,2024-05-17,DXC Technology,
DXCM,2020-05-12,,1093557,DEXCOM INC,verified,sec_tickers+wikipedia_current,1.00,1.00,2020-02-13,2026-02-12,Dexcom,
EA,2002-07-22,2026-08-05,712515,ELECTRONIC ARTS INC.,verified,sec_search_name+sec_search_ticker,1.00,1.00,2009-05-22,2026-07-28,Electronic Arts,
EBAY,2002-07-22,,1065088,EBAY INC,verified,sec_tickers+wikipedia_current,1.00,1.00,2009-02-20,2026-02-19,eBay Inc.,
ECHO,2026-06-24,,1415404,EchoStar CORP,verified,sec_tickers+wikipedia_current,1.00,1.00,2026-03-02,2026-04-30,EchoStar,
ECL,1996-01-02,,31462,ECOLAB INC.,verified,sec_tickers+wikipedia_current,1.00,1.00,2009-02-27,2026-02-23,Ecolab,
ED,1996-01-02,,1047862,CONSOLIDATED EDISON INC,verified,sec_tickers+wikipedia_current,1.00,1.00,2009-02-23,2026-02-19,Consolidated Edison,
EFX,1997-06-19,,33185,EQUIFAX INC,verified,sec_tickers+wikipedia_current,1.00,1.00,2009-02-26,2026-02-19,Equifax,
EG,2023-07-10,,1095073,"EVEREST GROUP, LTD.",verified,sec_tickers+wikipedia_current,1.00,1.00,2023-02-24,2026-02-26,Everest Group,
EIX,1996-01-02,,827052,EDISON INTERNATIONAL,verified,sec_tickers+wikipedia_current,1.00,1.00,2009-03-02,2026-02-18,Edison International,
EKDKQ,1996-01-02,2010-12-20,,,unresolved,,,,,,,"nothing backed by a name or an anchor passed the SEC filing check. Search hits only (not used): 1048695 F5, INC. (10-Ks 2009-11-20 to 2011-11-22, cov 1.00, name n/a, via membership_continuity); 1065280 NETFLIX INC (10-Ks 2009-02-25 to 2012-02-10, cov 1.00, name n/a, via membership_continuity)"
EL,2006-01-05,,1001250,ESTEE LAUDER COMPANIES INC,verified,sec_tickers+wikipedia_current,1.00,1.00,2009-08-19,2026-08-19,Estée Lauder Companies (The),
ELV,2022-06-28,,1156039,"Elevance Health, Inc.",verified,sec_tickers+wikipedia_current,1.00,1.00,2022-02-16,2026-02-06,Elevance Health,
EMC,1996-03-28,2016-09-07,790070,EMC CORP,verified,sec_search_name+sec_search_ticker,1.00,1.00,2009-03-02,2016-03-11,EMC Corporation,chosen over 356130 EMC INSURANCE GROUP INC by a closer name match
EME,2025-09-22,,105634,"EMCOR Group, Inc.",verified,sec_tickers+wikipedia_current,1.00,1.00,2025-02-26,2026-02-26,Emcor,
EMN,1996-01-02,2025-11-04,915389,EASTMAN CHEMICAL CO,verified,sec_search_name+sec_search_ticker+sec_tickers,1.00,1.00,2009-02-25,2026-02-13,Eastman Chemical Co.,
EMR,1996-01-02,,32604,EMERSON ELECTRIC CO,verified,sec_tickers+wikipedia_current,1.00,1.00,2009-11-23,2025-11-10,Emerson Electric,
ENDP,2015-01-27,2017-03-02,1593034,Endo International plc,verified,sec_search_name+sec_search_ticker,1.00,1.00,2015-03-02,2018-02-27,Endo International,
ENPH,2021-01-07,2025-09-22,1463101,"Enphase Energy, Inc.",verified,sec_search_name+sec_search_ticker+sec_tickers,1.00,1.00,2020-02-21,2026-02-17,Enphase Energy,
EOG,2000-11-02,,821189,EOG RESOURCES INC,verified,sec_tickers+wikipedia_current,1.00,1.00,2009-02-25,2026-02-24,EOG Resources,
EP,1999-10-26,2012-05-25,1066107,EL PASO LLC,verified,sec_search_name+sec_search_ticker,1.00,1.00,2009-03-02,2012-04-30,El Paso Corporation,chosen over 31986 EL PASO NATURAL GAS CO LLC by a closer name match
EPAM,2021-12-14,2026-06-02,1352010,"EPAM Systems, Inc.",verified,sec_search_name+sec_search_ticker+sec_tickers,1.00,1.00,2021-02-25,2026-02-26,EPAM Systems,
EQIX,2015-03-23,,1101239,EQUINIX INC,verified,sec_tickers+wikipedia_current,1.00,1.00,2014-02-28,2026-02-11,Equinix,
EQR,2001-12-03,2026-08-18,906107,VIVMARK RESIDENTIAL,verified,membership_continuity+sec_search_ticker,1.00,,2009-02-26,2026-02-13,,
EQT,2008-12-19,2018-11-13,33213,EQT Corp,verified,sec_search_name+sec_search_ticker+sec_tickers,1.00,1.00,2009-02-20,2019-04-29,EQT Corporation,"chosen over 1540947 EQM Midstream Partners, LP by a closer name match"
EQT,2022-10-03,,33213,EQT Corp,verified,sec_tickers+wikipedia_current,1.00,1.00,2022-02-10,2026-02-18,EQT Corporation,
ERIE,2024-09-23,,922621,ERIE INDEMNITY CO,verified,sec_tickers+wikipedia_current,1.00,1.00,2024-02-26,2026-02-23,Erie Indemnity,
ES,2009-03-17,,72741,EVERSOURCE ENERGY,verified,sec_tickers+wikipedia_current,1.00,1.00,2009-02-27,2026-02-17,Eversource Energy,
ESRX,2003-09-26,2018-12-21,,,split,,,,,,Express Scripts,"more than one company passed: 1532063 Express Scripts Holding Co. (10-Ks 2013-02-19 to 2018-02-27, cov 0.75, name 1.00, via sec_search_name+sec_search_ticker); 885721 EXPRESS SCRIPTS INC (10-Ks 2009-02-25 to 2012-04-02, cov 0.62, name 1.00, via sec_search_name+sec_search_ticker)"
ESS,2014-04-02,,920522,"ESSEX PROPERTY TRUST, INC.",verified,sec_tickers+wikipedia_current,1.00,1.00,2014-02-26,2026-02-20,Essex Property Trust,
ESV,2012-07-31,2016-03-30,314808,Valaris Ltd,verified,sec_search_name+sec_search_ticker,1.00,1.00,2012-02-24,2017-02-28,Ensco,
ETFC,2004-04-01,2020-10-07,1015780,E TRADE FINANCIAL CORP,verified,sec_search_name+sec_search_ticker,1.00,1.00,2010-02-24,2020-02-19,E-Trade,
ETN,1996-01-02,,1551182,Eaton Corp plc,verified,sec_tickers+wikipedia_current,0.88,1.00,2013-02-28,2026-02-26,Eaton Corporation,
ETR,1996-01-02,,65984,ENTERGY CORP /DE/,verified,sec_tickers+wikipedia_current,1.00,1.00,2009-03-02,2026-02-19,Entergy,
ETSY,2020-09-21,2024-09-23,1370637,ETSY INC,verified,sec_search_name+sec_search_ticker+sec_tickers,1.00,1.00,2020-02-27,2025-02-19,Etsy,
EVHC,2016-12-02,2018-10-11,1678531,Envision Healthcare Corp,verified,sec_search_name+sec_search_ticker,1.00,1.00,2017-03-01,2018-04-30,Envision Healthcare,
EVRG,2018-06-05,,1711269,"Evergy, Inc.",verified,sec_tickers+wikipedia_current,1.00,1.00,2019-02-22,2026-02-19,Evergy,
EW,2011-04-01,,1099800,Edwards Lifesciences Corp,verified,sec_tickers+wikipedia_current,1.00,1.00,2010-02-26,2026-02-25,Edwards Lifesciences,
EXC,1996-01-02,,1109357,EXELON CORP,verified,sec_tickers+wikipedia_current,1.00,1.00,2009-02-06,2026-02-12,Exelon,
EXE,2025-03-24,,895126,EXPAND ENERGY Corp,verified,sec_tickers+wikipedia_current,1.00,1.00,2024-02-21,2026-02-18,Expand Energy,
EXPD,2007-10-10,,746515,EXPEDITORS INTERNATIONAL OF WASHINGTON INC,verified,sec_tickers+wikipedia_current,1.00,1.00,2009-02-27,2026-02-25,Expeditors International,
EXPE,2007-10-02,,1324424,"Expedia Group, Inc.",verified,sec_tickers+wikipedia_current,1.00,1.00,2009-02-19,2026-02-13,Expedia Group,
EXR,2016-01-19,,1289490,Extra Space Storage Inc.,verified,sec_tickers+wikipedia_current,1.00,1.00,2015-03-02,2026-02-20,Extra Space Storage,
F,1996-01-02,,37996,FORD MOTOR CO,verified,sec_tickers+wikipedia_current,1.00,1.00,2009-02-26,2026-02-11,Ford Motor Company,
FANG,2018-12-03,,1539838,"Diamondback Energy, Inc.",verified,sec_tickers+wikipedia_current,1.00,1.00,2018-02-15,2026-02-25,Diamondback Energy,
FAST,2008-09-15,,815556,FASTENAL CO,verified,sec_tickers+wikipedia_current,1.00,1.00,2009-02-20,2026-02-05,Fastenal,
FB,2013-12-23,2022-06-09,1326801,"Meta Platforms, Inc.",verified,membership_continuity+sec_search_ticker,1.00,,2013-02-01,2023-02-02,,
FBHS,2016-06-24,2022-12-19,1519751,"Fortune Brands Innovations, Inc.",verified,sec_search_name+sec_search_ticker,1.00,1.00,2016-02-25,2024-02-27,Fortune Brands Home & Security,
FCPT,2015-11-10,2015-11-17,,,unresolved,,,,,,,"nothing backed by a name or an anchor passed the SEC filing check. Search hits only (not used): 1650132 Four Corners Property Trust, Inc. (10-Ks 2016-03-22 to 2016-03-22, cov 1.00, name n/a, via sec_tickers)"
FCX,1996-01-02,,831259,FREEPORT-MCMORAN INC,verified,sec_tickers+wikipedia_current,1.00,1.00,2009-02-26,2026-02-13,Freeport-McMoRan,
FDO,2001-08-06,2015-07-07,34408,FAMILY DOLLAR STORES INC,verified,sec_search_name+sec_search_ticker,1.00,1.00,2009-10-27,2014-11-03,Family Dollar,
FDS,2021-12-20,,1013237,FACTSET RESEARCH SYSTEMS INC,verified,sec_tickers+wikipedia_current,1.00,1.00,2021-10-22,2025-10-22,FactSet,
FDX,1996-01-02,,1048911,FEDEX CORP,verified,sec_tickers+wikipedia_current,1.00,1.00,2009-07-15,2026-07-20,FedEx,
FDXF,2026-06-01,,2082247,"FedEx Freight Holding Company, Inc.",verified,sec_tickers+wikipedia_current,1.00,1.00,2026-08-05,2026-08-05,FedEx Freight,
FE,1996-01-02,,1031296,FIRSTENERGY CORP,verified,sec_tickers+wikipedia_current,1.00,1.00,2009-02-25,2026-02-18,FirstEnergy,
FERG,2026-08-05,,2011641,Ferguson Enterprises Inc. /DE/,verified,sec_tickers+wikipedia_current,1.00,1.00,2025-09-26,2026-02-27,Ferguson Enterprises,
FFIV,2010-12-20,,1048695,"F5, INC.",verified,sec_tickers+wikipedia_current,1.00,1.00,2009-11-20,2025-11-25,"F5, Inc.",
FHN,2002-05-06,2013-06-24,36966,FIRST HORIZON CORP,verified,sec_search_name+sec_search_ticker+sec_tickers,1.00,1.00,2009-02-26,2014-02-27,First Horizon,
FI,2023-06-07,2025-11-11,,,unresolved,,,,,,,"nothing backed by a name or an anchor passed the SEC filing check. Search hits only (not used): 1434647 ZEVRA THERAPEUTICS, INC. (10-Ks 2023-03-07 to 2026-03-09, cov 1.00, name n/a, via sec_search_ticker); 831259 FREEPORT-MCMORAN INC (10-Ks 2023-02-15 to 2026-02-13, cov 1.00, name n/a, via sec_search_ticker); 56679 KORN FERRY (10-Ks 2022-06-28 to 2026-06-26, cov 1.00, name n/a, via sec_search_ticker); 798354 FISERV INC (10-Ks 2023-02-23 to 2026-02-19, cov 1.00, name n/a, via membership_continuity)"
FICO,2023-03-20,,814547,FAIR ISAAC CORP,verified,sec_tickers+wikipedia_current,1.00,1.00,2022-11-09,2025-11-07,Fair Isaac,
FII,2003-04-16,2013-01-02,1056288,"FEDERATED HERMES, INC.",verified,sec_search_name+sec_search_ticker,1.00,1.00,2009-02-20,2014-02-21,Federated Investors,
FIS,2006-11-10,,1136893,"Fidelity National Information Services, Inc.",verified,sec_tickers+wikipedia_current,1.00,1.00,2009-02-27,2026-02-24,Fidelity National Information Services,
FISV,2001-04-02,2023-06-07,,,unresolved,,,,,,,"nothing backed by a name or an anchor passed the SEC filing check. Search hits only (not used): 798354 FISERV INC (10-Ks 2009-02-27 to 2024-02-22, cov 1.00, name n/a, via sec_search_ticker+sec_tickers); 1817232 Global Gas Corp (10-Ks 2021-03-29 to 2024-04-01, cov 0.54, name n/a, via sec_search_ticker); 1404912 KKR & Co. Inc. (10-Ks 2011-03-07 to 2024-02-29, cov 1.00, name n/a, via sec_search_ticker)"
FISV,2025-11-11,,798354,FISERV INC,verified,sec_tickers+wikipedia_current,1.00,1.00,2025-02-20,2026-02-19,Fiserv,
FITB,1996-03-08,,35527,FIFTH THIRD BANCORP,verified,sec_tickers+wikipedia_current,1.00,1.00,2009-03-02,2026-02-24,Fifth Third Bancorp,
FIX,2025-12-22,,1035983,COMFORT SYSTEMS USA INC,verified,sec_tickers+wikipedia_current,1.00,1.00,2025-02-20,2026-02-19,Comfort Systems USA,
FL,2016-04-04,2019-08-09,850209,"FOOT LOCKER, INC.",verified,sec_search_name,1.00,1.00,2017-03-23,2020-03-27,Foot Locker,
FLEX,2026-06-22,,866374,FLEX LTD.,verified,sec_tickers+wikipedia_current,1.00,1.00,2025-05-21,2026-05-20,Flex Ltd.,
FLIR,2009-01-02,2021-05-14,354908,"Teledyne FLIR, LLC",verified,sec_search_name+sec_search_ticker,1.00,1.00,2009-02-27,2021-02-25,FLIR Systems,
FLR,2000-12-22,2019-06-03,1124198,FLUOR CORP,verified,sec_search_name+sec_search_ticker+sec_tickers,1.00,1.00,2009-02-25,2019-02-21,Fluor Corporation,
FLS,2008-10-02,2021-03-22,30625,FLOWSERVE CORP,verified,sec_search_name+sec_search_ticker+sec_tickers,1.00,1.00,2009-02-25,2022-02-23,Flowserve,
FLT,2018-06-20,2024-03-25,1175454,"CORPAY, INC.",verified,membership_continuity+sec_search_ticker,1.00,,2018-03-01,2025-02-27,,
FMC,2009-08-19,2025-03-24,37785,FMC CORP,verified,sec_search_name+sec_search_ticker+sec_tickers,1.00,1.00,2009-02-23,2026-02-27,FMC Corporation,chosen over 1135152 FMC TECHNOLOGIES INC by a closer name match
FOSL,2012-04-04,2016-01-05,883569,"Fossil Group, Inc.",verified,sec_search_name+sec_search_ticker+sec_tickers,1.00,1.00,2012-02-29,2017-03-01,Fossil Group,
FOX,2015-09-21,,1754301,Fox Corp,verified,sec_tickers+wikipedia_current,0.73,1.00,2019-08-09,2026-08-06,Fox Corporation (Class B),
FOXA,2004-12-20,,1754301,Fox Corp,verified,sec_tickers+wikipedia_current,0.50,1.00,2019-08-09,2026-08-06,Fox Corporation (Class A),
FRC,2019-01-02,2023-05-04,,,unresolved,,,,,,First Republic Bank,"nothing backed by a name or an anchor passed the SEC filing check. Tried: 1567958 Sequoia Mortgage Trust 2013-3 (10-Ks 2018-04-02 to 2024-04-01, cov 1.00, name 0.00, via sec_search_name); 1570440 Sequoia Mortgage Trust 2013-4 (10-Ks 2018-04-02 to 2024-04-01, cov 1.00, name 0.00, via sec_search_name); 1564968 Sequoia Mortgage Trust 2013-2 (10-Ks 2018-04-02 to 2024-04-01, cov 1.00, name 0.00, via sec_search_name); 1464343 Atlanticus Holdings Corp (10-Ks 2018-04-02 to 2024-03-04, cov 1.00, name 0.00, via sec_search_ticker)"
FRT,2016-02-01,,34903,FEDERAL REALTY INVESTMENT TRUST,verified,sec_tickers+wikipedia_current,1.00,1.00,2015-02-10,2026-02-12,Federal Realty Investment Trust,
FRX,2000-11-22,2014-07-01,38074,"Forest Laboratories, LLC",verified,sec_search_name+sec_search_ticker,1.00,1.00,2009-05-18,2014-06-30,Forest Laboratories,
FSLR,2009-10-16,2017-03-20,1274494,"FIRST SOLAR, INC.",verified,sec_search_name+sec_search_ticker+sec_tickers,1.00,1.00,2009-02-25,2018-02-23,First Solar,"chosen over 726435 APOLLO SOLAR ENERGY, INC. by a closer name match"
FSLR,2022-12-19,,1274494,"FIRST SOLAR, INC.",verified,sec_tickers+wikipedia_current,1.00,1.00,2022-03-01,2026-02-24,First Solar,
FTI,2009-06-05,2021-02-12,1681459,TechnipFMC plc,verified,sec_search_name+sec_tickers,0.55,1.00,2017-01-13,2022-02-28,TechnipFMC,
FTNT,2018-10-11,,1262039,"Fortinet, Inc.",verified,sec_tickers+wikipedia_current,1.00,1.00,2018-02-26,2026-02-25,Fortinet,
FTR,2001-02-27,2017-03-20,20520,"Frontier Communications Parent, Inc.",verified,sec_search_name+sec_search_ticker,1.00,1.00,2009-02-27,2018-03-01,Frontier Communications,
FTV,2016-07-05,,1659166,Fortive Corp,verified,sec_tickers+wikipedia_current,1.00,1.00,2017-02-28,2026-02-25,Fortive,
GAS,1996-01-02,2011-12-12,,,unresolved,,,,,,Nicor Gas,"nothing backed by a name or an anchor passed the SEC filing check. Tried: 110104 NORTHERN ILLINOIS GAS CO /IL/ /NEW/ (10-Ks 2009-02-25 to 2012-02-22, cov 1.00, name 0.50, via sec_search_name); 72020 NICOR INC (10-Ks 2009-02-25 to 2011-02-24, cov 1.00, name 0.50, via sec_search_name); 1168165 CONSTELLATION ENERGY GENERATION LLC (10-Ks 2009-02-06 to 2013-02-22, cov 1.00, name 0.00, via sec_search_name); 1326364 Sino Gas International Holdings, Inc. (10-Ks 2009-03-24 to 2012-03-30, cov 1.00, name 0.50, via sec_search_ticker)"
GAS,2011-12-13,2016-07-01,1004155,SOUTHERN CO GAS,verified,sec_search_name,1.00,1.00,2012-02-22,2017-02-22,AGL Resources,
GD,1996-01-02,,40533,GENERAL DYNAMICS CORP,verified,sec_tickers+wikipedia_current,1.00,1.00,2009-02-20,2026-01-30,General Dynamics,
GDDY,2024-06-24,,1609711,GoDaddy Inc.,verified,sec_tickers+wikipedia_current,1.00,1.00,2024-02-29,2026-02-25,GoDaddy,
GE,1996-01-02,,40545,GENERAL ELECTRIC CO,verified,sec_tickers+wikipedia_current,1.00,0.00,2009-02-18,2026-01-29,GE Aerospace,
GEHC,2023-01-04,,1932393,GE HealthCare Technologies Inc.,verified,sec_tickers+wikipedia_current,1.00,1.00,2023-02-15,2026-02-04,GE HealthCare,
GEN,2022-11-08,,849399,Gen Digital Inc.,verified,sec_tickers+wikipedia_current,1.00,1.00,2022-05-20,2026-05-21,Gen Digital,
GENZ,2001-12-14,2011-04-04,732485,GENZYME CORP,verified,sec_search_name+sec_search_ticker,1.00,1.00,2009-03-02,2011-03-24,Genzyme,
GEV,2024-04-02,,1996810,GE Vernova Inc.,verified,sec_tickers+wikipedia_current,1.00,1.00,2025-02-06,2026-01-29,GE Vernova,
GGP,2013-12-10,2018-08-28,1496048,Brookfield Property REIT Inc.,verified,sec_search_name+sec_search_ticker,1.00,1.00,2013-02-28,2019-03-01,GGP Inc.,
GHC,2007-12-31,2014-09-22,104889,Graham Holdings Co,verified,sec_search_name+sec_tickers,1.00,1.00,2009-02-26,2015-02-27,Graham Holdings,chosen over 1061507 GRAHAM PACKAGING HOLDINGS CO by a closer name match
GILD,2004-07-01,,882095,"GILEAD SCIENCES, INC.",verified,sec_tickers+wikipedia_current,1.00,1.00,2009-02-27,2026-02-24,Gilead Sciences,
GIS,1996-01-02,,40704,GENERAL MILLS INC,verified,sec_tickers+wikipedia_current,1.00,1.00,2009-07-13,2026-07-01,General Mills,
GL,2019-08-08,,320335,GLOBE LIFE INC.,verified,sec_tickers+wikipedia_current,1.00,1.00,2019-03-01,2026-02-25,Globe Life,
GLW,1996-01-02,,24741,CORNING INC /NY,verified,sec_tickers+wikipedia_current,1.00,1.00,2009-02-24,2026-02-12,Corning Inc.,
GM,2013-06-07,,1467858,General Motors Co,verified,sec_tickers+wikipedia_current,1.00,1.00,2013-02-15,2026-01-27,General Motors,
GMCR,2014-03-24,2016-03-03,909954,"KEURIG GREEN MOUNTAIN, INC.",verified,sec_search_name+sec_search_ticker,1.00,1.00,2013-11-20,2016-01-22,Keurig Green Mountain,
GME,2007-12-14,2016-04-25,1326380,GameStop Corp.,verified,sec_search_name+sec_search_ticker+sec_tickers,1.00,1.00,2009-04-01,2017-03-27,GameStop,
GNRC,2021-03-22,,1474735,GENERAC HOLDINGS INC.,verified,sec_tickers+wikipedia_current,1.00,1.00,2020-02-25,2026-02-18,Generac,
GNW,2005-12-02,2015-11-18,1276520,GENWORTH FINANCIAL INC,verified,sec_search_name+sec_search_ticker+sec_tickers,1.00,1.00,2009-03-02,2016-02-26,Genworth Financial,
GOOG,2014-04-03,,1652044,Alphabet Inc.,verified,sec_tickers+wikipedia_current,1.00,1.00,2016-02-11,2026-02-05,Alphabet Inc. (Class C),
GOOGL,2006-04-03,,1652044,Alphabet Inc.,verified,sec_tickers+wikipedia_current,0.81,1.00,2016-02-11,2026-02-05,Alphabet Inc. (Class A),
GPC,1996-01-02,,40987,GENUINE PARTS CO,verified,sec_tickers+wikipedia_current,1.00,1.00,2009-02-27,2026-02-20,Genuine Parts Company,
GPN,2016-04-25,,1123360,GLOBAL PAYMENTS INC,verified,sec_tickers+wikipedia_current,1.00,1.00,2015-07-30,2026-02-20,Global Payments,
GPS,1996-01-02,2022-02-02,39911,GAP INC,verified,sec_search_name+sec_search_ticker,1.00,1.00,2009-03-27,2023-03-14,Gap,
GR,1996-01-02,2012-07-27,42542,GOODRICH CORP,verified,sec_search_name+sec_search_ticker,1.00,1.00,2009-02-17,2012-03-08,Goodrich Corporation,
GRMN,2012-12-12,,1121788,GARMIN LTD,verified,sec_tickers+wikipedia_current,1.00,1.00,2012-02-29,2026-02-18,Garmin,
GS,2002-07-22,,886982,GOLDMAN SACHS GROUP INC,verified,sec_tickers+wikipedia_current,1.00,1.00,2009-01-27,2026-02-25,Goldman Sachs,
GT,1996-01-02,2019-02-27,42582,GOODYEAR TIRE & RUBBER CO /OH/,verified,sec_search_name+sec_tickers,1.00,1.00,2009-02-18,2020-02-11,The Goodyear Tire & Rubber Company,
GWW,1996-01-02,,277135,"W.W. GRAINGER, INC.",verified,sec_tickers+wikipedia_current,1.00,1.00,2009-02-27,2026-02-19,W. W. Grainger,
HAL,1996-01-02,,45012,HALLIBURTON CO,verified,sec_tickers+wikipedia_current,1.00,1.00,2009-02-18,2026-02-06,Halliburton,
HAR,2006-02-01,2017-03-13,,,conflict,,,,,,Harman International,"more than one company passed: 800459 HARMAN INTERNATIONAL INDUSTRIES INC /DE/ (10-Ks 2009-08-19 to 2016-08-11, cov 1.00, name 1.00, via sec_search_name+sec_search_ticker); 106618 HANDY & HARMAN LTD. (10-Ks 2009-03-31 to 2017-02-28, cov 1.00, name 1.00, via sec_search_name)"
HAS,1996-01-02,,46080,"HASBRO, INC.",verified,sec_tickers+wikipedia_current,1.00,1.00,2009-02-25,2026-02-25,Hasbro,
HBAN,1997-08-06,,49196,HUNTINGTON BANCSHARES INC /MD/,verified,sec_tickers+wikipedia_current,1.00,1.00,2009-02-24,2026-02-13,Huntington Bancshares,
HBI,2015-03-23,2021-12-20,1359841,Hanesbrands Inc.,verified,sec_search_name+sec_search_ticker,1.00,1.00,2016-02-05,2023-02-08,Hanesbrands,
HCA,2015-01-27,,860730,"HCA Healthcare, Inc.",verified,sec_tickers+wikipedia_current,1.00,1.00,2014-02-26,2026-02-10,HCA Healthcare,
HCBK,2007-02-15,2015-11-02,921847,HUDSON CITY BANCORP INC,verified,sec_search_name+sec_search_ticker,1.00,1.00,2009-02-27,2015-04-30,Hudson City Bancorp,
HCP,2008-03-31,2019-11-05,,,unresolved,,,,,,,"nothing backed by a name or an anchor passed the SEC filing check. Search hits only (not used): 765880 HEALTHPEAK PROPERTIES, INC. (10-Ks 2009-02-27 to 2020-02-13, cov 1.00, name n/a, via sec_search_ticker); 1332349 Brookdale Senior Living Inc. (10-Ks 2009-03-02 to 2020-04-29, cov 1.00, name n/a, via sec_search_ticker); 927066 DAVITA INC. (10-Ks 2009-02-27 to 2020-02-21, cov 1.00, name n/a, via sec_search_ticker)"
HD,1996-01-02,,354950,"HOME DEPOT, INC.",verified,sec_tickers+wikipedia_current,1.00,1.00,2009-04-02,2026-03-18,Home Depot (The),
HES,1996-01-02,2025-07-23,4447,HESS CORP,verified,sec_search_name+sec_search_ticker,1.00,1.00,2009-02-27,2025-02-27,Hess Corporation,
HFC,2018-06-18,2021-06-04,48039,HollyFrontier Corp,verified,sec_search_name,1.00,1.00,2018-02-21,2022-04-28,HollyFrontier,
HIG,1996-01-02,,874766,"HARTFORD INSURANCE GROUP, INC.",verified,sec_tickers+wikipedia_current,1.00,1.00,2009-02-12,2026-02-20,Hartford (The),
HII,2018-01-03,,1501585,"HUNTINGTON INGALLS INDUSTRIES, INC.",verified,sec_tickers+wikipedia_current,1.00,1.00,2017-02-16,2026-02-05,Huntington Ingalls Industries,
HLT,2017-06-19,,1585689,Hilton Worldwide Holdings Inc.,verified,sec_tickers+wikipedia_current,1.00,1.00,2017-02-15,2026-02-11,Hilton Worldwide,
HNZ,1996-01-02,2013-06-07,46640,Kraft Heinz Foods Co,verified,sec_search_name+sec_search_ticker,1.00,1.00,2009-06-17,2014-03-07,Heinz,
HOG,2000-01-31,2020-06-22,793952,"HARLEY-DAVIDSON, INC.",verified,sec_search_name+sec_search_ticker+sec_tickers,1.00,1.00,2009-02-17,2021-02-23,Harley-Davidson,
HOLX,2016-03-30,2026-04-09,859737,HOLOGIC INC,verified,sec_search_name+sec_search_ticker,1.00,1.00,2015-11-19,2026-01-22,Hologic,
HON,1996-01-02,,773840,HONEYWELL INTERNATIONAL INC,verified,sec_tickers+wikipedia_current,1.00,1.00,2009-02-13,2026-02-17,Honeywell Technologies,
HONA,2026-06-29,,,,unresolved,,,,,,Honeywell Aerospace,"nothing backed by a name or an anchor passed the SEC filing check. Tried: 2089271 Honeywell Aerospace Inc. (10-Ks None to None, cov 0.00, name 1.00, via sec_tickers+wikipedia_current); 76334 Parker-Hannifin Corp (10-Ks 2025-08-22 to 2026-08-21, cov 1.00, name 0.00, via sec_search_name)"
HOOD,2025-09-22,,1783879,"Robinhood Markets, Inc.",verified,sec_tickers+wikipedia_current,1.00,1.00,2025-02-18,2026-02-20,Robinhood Markets,
HOT,2000-11-17,2016-09-23,316206,"STARWOOD HOTELS & RESORTS WORLDWIDE, LLC",verified,sec_search_ticker,1.00,1.00,2009-02-27,2016-04-29,Starwood Hotels and Resorts,
HP,2010-03-01,2020-05-22,46765,"Helmerich & Payne, Inc.",verified,sec_search_name+sec_tickers,1.00,1.00,2009-11-25,2020-11-20,Helmerich & Payne,
HPE,2015-11-02,,1645590,Hewlett Packard Enterprise Co,verified,sec_tickers+wikipedia_current,1.00,1.00,2015-12-17,2025-12-18,Hewlett Packard Enterprise,
HPQ,1996-01-02,,47217,HP INC,verified,sec_tickers+wikipedia_current,1.00,1.00,2008-12-18,2025-12-10,HP Inc.,
HRB,1996-01-02,2020-09-21,12659,H&R BLOCK INC,verified,sec_search_name+sec_search_ticker+sec_tickers,1.00,1.00,2009-06-29,2021-06-15,H&R Block,
HRL,2009-03-04,,48465,HORMEL FOODS CORP /DE/,verified,sec_tickers+wikipedia_current,1.00,1.00,2008-12-23,2025-12-05,Hormel Foods,
HRS,2008-09-22,2019-06-01,202058,"L3HARRIS TECHNOLOGIES, INC. /DE/",verified,membership_continuity+sec_search_ticker,1.00,,2009-08-31,2020-03-03,,
HSH,1996-01-02,2012-06-29,,,unresolved,,,,,,,"nothing backed by a name or an anchor passed the SEC filing check. Search hits only (not used): 1443799 Euronav MI II Inc. (10-Ks 2009-03-02 to 2012-04-27, cov 1.00, name n/a, via sec_search_ticker); 1011064 SUNRISE SENIOR LIVING INC (10-Ks 2008-12-30 to 2012-03-15, cov 1.00, name n/a, via sec_search_ticker); 1362988 Aircastle LTD (10-Ks 2009-03-02 to 2013-02-22, cov 1.00, name n/a, via sec_search_ticker); 865752 Monster Beverage Corp (10-Ks 2009-03-02 to 2013-03-01, cov 1.00, name n/a, via membership_continuity)"
HSIC,2015-03-18,,1000228,HENRY SCHEIN INC,verified,sec_tickers+wikipedia_current,1.00,1.00,2014-02-11,2026-02-24,Henry Schein,
HSP,2004-05-03,2015-09-03,1274057,HOSPIRA INC,verified,sec_search_name+sec_search_ticker,1.00,1.00,2009-02-25,2015-02-12,Hospira,
HST,2007-03-20,,1070750,"HOST HOTELS & RESORTS, INC.",verified,sec_tickers+wikipedia_current,1.00,1.00,2009-02-27,2026-02-25,Host Hotels & Resorts,
HSY,1996-01-02,,47111,HERSHEY CO,verified,sec_tickers+wikipedia_current,1.00,1.00,2009-02-20,2026-02-17,Hershey Company (The),
HUBB,2023-10-18,,48898,HUBBELL INC,verified,sec_tickers+wikipedia_current,1.00,1.00,2023-02-09,2026-02-12,Hubbell Incorporated,
HUM,1996-01-02,,49071,HUMANA INC,verified,sec_tickers+wikipedia_current,1.00,1.00,2009-02-20,2026-02-19,Humana,
HWM,2020-04-06,,4281,Howmet Aerospace Inc.,verified,sec_tickers+wikipedia_current,1.00,1.00,2020-02-27,2026-02-12,Howmet Aerospace,
IBKR,2025-08-28,,1381197,"Interactive Brokers Group, Inc.",verified,sec_tickers+wikipedia_current,1.00,1.00,2025-02-27,2026-03-31,Interactive Brokers,
IBM,1996-01-02,,51143,INTERNATIONAL BUSINESS MACHINES CORP,verified,sec_tickers+wikipedia_current,1.00,0.00,2009-02-24,2026-02-24,IBM,
ICE,2007-09-26,,1571949,"Intercontinental Exchange, Inc.",verified,sec_tickers+wikipedia_current,1.00,1.00,2014-02-14,2026-02-05,Intercontinental Exchange,
IDXX,2017-01-05,,874716,IDEXX LABORATORIES INC /DE,verified,sec_tickers+wikipedia_current,1.00,1.00,2016-02-17,2026-02-20,Idexx Laboratories,
IEX,2019-08-09,,832101,IDEX CORP /DE/,verified,sec_tickers+wikipedia_current,1.00,1.00,2019-02-28,2026-02-19,IDEX Corporation,
IFF,1996-01-02,,51253,INTERNATIONAL FLAVORS & FRAGRANCES INC,verified,sec_tickers+wikipedia_current,1.00,1.00,2009-02-26,2026-02-27,International Flavors & Fragrances,
IGT,2001-09-04,2014-06-20,353944,INTERNATIONAL GAME TECHNOLOGY,verified,sec_search_name+sec_search_ticker,1.00,1.00,2009-12-02,2015-01-07,International Game Technology,
ILMN,2015-11-19,2024-06-24,1110803,"ILLUMINA, INC.",verified,sec_search_name+sec_search_ticker+sec_tickers,1.00,1.00,2015-02-18,2025-02-12,"Illumina, Inc.",
INCY,2017-02-28,,879169,INCYTE CORP,verified,sec_tickers+wikipedia_current,1.00,1.00,2016-02-12,2026-02-10,Incyte,
INFO,2017-06-02,2022-03-02,1598014,IHS Markit Ltd.,verified,sec_search_name,1.00,1.00,2017-01-27,2022-01-24,IHS Markit,
INTC,1996-01-02,,50863,INTEL CORP,verified,sec_tickers+wikipedia_current,1.00,1.00,2009-02-23,2026-01-23,Intel,
INTU,2000-12-11,,896878,INTUIT INC.,verified,sec_tickers+wikipedia_current,1.00,1.00,2009-09-15,2026-09-09,Intuit,
INVH,2022-09-19,,1687229,Invitation Homes Inc.,verified,sec_tickers+wikipedia_current,1.00,1.00,2022-02-22,2026-02-19,Invitation Homes,
IP,1996-01-02,,51434,INTERNATIONAL PAPER CO /NEW/,verified,sec_tickers+wikipedia_current,1.00,1.00,2009-02-26,2026-02-27,International Paper,
IPG,1996-01-02,2025-11-28,51644,"INTERPUBLIC GROUP OF COMPANIES, INC.",verified,sec_search_name+sec_search_ticker,1.00,1.00,2010-02-26,2025-02-20,Interpublic Group,
IPGP,2018-03-07,2022-06-21,1111928,IPG PHOTONICS CORP,verified,sec_search_name+sec_search_ticker+sec_tickers,1.00,1.00,2017-02-27,2023-02-27,IPG Photonics,
IQV,2017-08-29,,1478242,IQVIA HOLDINGS INC.,verified,sec_tickers+wikipedia_current,1.00,1.00,2017-02-16,2026-02-17,IQVIA,
IR,2010-11-17,,1699150,Ingersoll Rand Inc.,verified,sec_tickers+wikipedia_current,0.60,1.00,2018-02-16,2026-02-17,Ingersoll Rand,
IRM,2009-01-06,,1020569,IRON MOUNTAIN INC,verified,sec_tickers+wikipedia_current,1.00,1.00,2009-03-02,2026-02-12,Iron Mountain,
ISRG,2008-06-02,,1035267,INTUITIVE SURGICAL INC,verified,sec_tickers+wikipedia_current,1.00,1.00,2009-02-06,2026-02-03,Intuitive Surgical,
IT,2017-04-05,,749251,GARTNER INC,verified,sec_tickers+wikipedia_current,1.00,1.00,2017-02-22,2026-02-12,Gartner,
ITT,1996-01-02,2011-11-01,,,unresolved,,,,,,,"nothing backed by a name or an anchor passed the SEC filing check. Search hits only (not used): 216228 ITT INC. (10-Ks 2009-02-25 to 2012-02-29, cov 1.00, name n/a, via sec_search_ticker+sec_tickers); 922475 ITT EDUCATIONAL SERVICES INC (10-Ks 2009-02-18 to 2012-02-24, cov 1.00, name n/a, via sec_search_ticker); 862651 Investview, Inc. (10-Ks 2009-06-29 to 2012-06-29, cov 1.00, name n/a, via sec_search_ticker); 1524472 Xylem Inc. (10-Ks 2012-02-28 to 2012-02-28, cov 1.00, name n/a, via membership_continuity)"
ITW,1996-01-02,,49826,ILLINOIS TOOL WORKS INC,verified,sec_tickers+wikipedia_current,1.00,1.00,2009-02-27,2026-02-13,Illinois Tool Works,
IVZ,2008-08-21,,914208,Invesco Ltd.,verified,sec_tickers+wikipedia_current,1.00,1.00,2009-02-27,2026-02-24,Invesco,
J,2019-12-10,,52988,JACOBS SOLUTIONS INC.,verified,sec_tickers+wikipedia_current,1.00,1.00,2018-11-21,2025-11-20,Jacobs Solutions,
JAVA,1996-01-02,2010-01-27,,,unresolved,,,,,,,"nothing backed by a name or an anchor passed the SEC filing check. Search hits only (not used): 796343 ADOBE INC. (10-Ks 2009-01-23 to 2011-01-27, cov 1.00, name n/a, via sec_search_ticker); 1074828 USBC, Inc. (10-Ks 2009-05-27 to 2010-12-30, cov 1.00, name n/a, via sec_search_ticker); 1361951 Genemen Inc. (10-Ks 2009-02-19 to 2010-01-22, cov 1.00, name n/a, via sec_search_ticker)"
JBHT,2015-07-01,,728535,HUNT J B TRANSPORT SERVICES INC,verified,sec_tickers+wikipedia_current,1.00,0.50,2015-02-24,2026-02-24,J.B. Hunt,
JBL,2001-01-30,2014-11-05,898293,JABIL INC,verified,sec_search_name+sec_search_ticker+sec_tickers,1.00,1.00,2009-10-22,2015-10-16,Jabil Circuit,
JBL,2023-12-18,,898293,JABIL INC,verified,sec_tickers+wikipedia_current,1.00,1.00,2023-10-20,2025-10-17,Jabil,
JCI,1996-01-02,,833444,Johnson Controls International plc,verified,sec_tickers+wikipedia_current,1.00,1.00,2009-11-17,2025-11-14,Johnson Controls,
JCP,1996-01-02,2013-12-02,,,unresolved,,,,,,,"nothing backed by a name or an anchor passed the SEC filing check. Search hits only (not used): 1166126 Old COPPER Company, Inc. (10-Ks 2009-03-31 to 2014-03-21, cov 1.00, name n/a, via sec_search_ticker); 53456 JERSEY CENTRAL POWER & LIGHT CO (10-Ks 2009-02-25 to 2013-02-25, cov 1.00, name n/a, via sec_search_ticker); 73960 OHIO EDISON CO (10-Ks 2009-02-25 to 2014-10-06, cov 1.00, name n/a, via sec_search_ticker); 1579241 Allegion plc (10-Ks 2014-03-10 to 2015-02-27, cov 0.67, name n/a, via membership_continuity)"
JEC,2007-10-26,2019-12-10,52988,JACOBS SOLUTIONS INC.,verified,membership_continuity+sec_search_ticker,1.00,,2009-11-20,2020-11-24,,
JEF,2007-08-27,2019-09-26,96223,Jefferies Financial Group Inc.,verified,sec_tickers,1.00,1.00,2009-02-27,2020-03-26,Jefferies Financial Group,chosen over 1084580 Jefferies Group LLC by a closer name match
JKHY,2018-11-13,,779152,JACK HENRY & ASSOCIATES INC,verified,sec_tickers+wikipedia_current,1.00,1.00,2018-08-24,2026-08-28,Jack Henry & Associates,
JNJ,1996-01-02,,200406,JOHNSON & JOHNSON,verified,sec_tickers+wikipedia_current,1.00,1.00,2009-02-20,2026-02-11,Johnson & Johnson,
JNPR,2006-06-02,2025-07-09,1043604,JUNIPER NETWORKS INC,verified,sec_search_name+sec_search_ticker,1.00,1.00,2009-03-02,2025-02-21,Juniper Networks,
JNS,2000-07-13,2011-11-23,1065865,JANUS CAPITAL GROUP INC,verified,sec_search_name+sec_search_ticker,1.00,1.00,2009-02-26,2012-02-27,Janus Capital Group,
JOY,2011-02-28,2015-10-08,801898,JOY GLOBAL INC,verified,sec_search_name+sec_search_ticker,1.00,1.00,2010-12-20,2016-12-16,Joy Global,
JPM,1996-01-02,,19617,JPMORGAN CHASE & CO,verified,sec_tickers+wikipedia_current,1.00,1.00,2009-03-02,2026-02-13,JPMorgan Chase,
JWN,1996-01-02,2020-06-22,72333,NORDSTROM INC,verified,sec_search_name+sec_search_ticker,1.00,1.00,2009-03-23,2021-03-16,Nordstrom,
K,1996-01-02,2025-12-11,55067,KELLANOVA,verified,sec_search_name,1.00,1.00,2009-02-24,2025-03-07,Kellanova,
KDP,2008-10-07,2018-07-02,,,unresolved,,,,,,,"nothing backed by a name or an anchor passed the SEC filing check. Search hits only (not used): 1418135 Keurig Dr Pepper Inc. (10-Ks 2009-03-26 to 2019-02-28, cov 1.00, name n/a, via sec_tickers); 859163 AVX Corp (10-Ks 2009-05-20 to 2019-05-17, cov 1.00, name n/a, via sec_search_ticker); 1336920 Leidos Holdings, Inc. (10-Ks 2009-03-30 to 2019-02-19, cov 1.00, name n/a, via sec_search_ticker); 1571123 Science Applications International Corp (10-Ks 2014-04-09 to 2019-03-29, cov 0.75, name n/a, via sec_search_ticker)"
KDP,2022-06-21,,1418135,Keurig Dr Pepper Inc.,verified,sec_tickers+wikipedia_current,1.00,1.00,2022-02-24,2026-02-24,Keurig Dr Pepper,
KEY,1996-01-02,,91576,KEYCORP /NEW/,verified,sec_tickers+wikipedia_current,1.00,1.00,2009-02-27,2026-02-23,KeyCorp,
KEYS,2018-11-06,,1601046,"Keysight Technologies, Inc.",verified,sec_tickers+wikipedia_current,1.00,1.00,2017-12-20,2025-12-17,Keysight Technologies,
KG,2000-10-03,2010-12-20,1047699,KING PHARMACEUTICALS INC,verified,sec_search_name,1.00,1.00,2009-03-02,2010-02-26,King Pharmaceuticals,
KHC,2015-07-06,,1637459,Kraft Heinz Co,verified,sec_tickers+wikipedia_current,1.00,1.00,2016-03-03,2026-02-12,Kraft Heinz,
KIM,2006-04-03,,879101,KIMCO REALTY CORP,verified,sec_tickers+wikipedia_current,1.00,1.00,2009-02-27,2026-02-20,Kimco Realty,
KKR,2024-06-24,,1404912,KKR & Co. Inc.,verified,sec_tickers+wikipedia_current,1.00,1.00,2024-02-29,2026-02-27,KKR & Co.,
KLAC,1997-09-15,,319201,KLA CORP,verified,sec_tickers+wikipedia_current,1.00,1.00,2009-08-07,2026-08-06,KLA Corporation,
KMB,1996-01-02,,55785,KIMBERLY CLARK CORP,verified,sec_tickers+wikipedia_current,1.00,1.00,2009-02-27,2026-02-12,Kimberly-Clark,
KMI,2012-05-25,,1506307,"KINDER MORGAN, INC.",verified,sec_tickers+wikipedia_current,1.00,1.00,2012-02-23,2026-02-13,Kinder Morgan,
KMX,2010-06-28,2025-10-31,1170010,CARMAX INC,verified,sec_search_name+sec_search_ticker+sec_tickers,1.00,1.00,2010-04-27,2026-04-15,CarMax,
KO,1996-01-02,,21344,COCA COLA CO,verified,sec_tickers+wikipedia_current,1.00,1.00,2009-02-26,2026-02-20,Coca-Cola Company (The),
KORS,2013-11-13,2018-09-19,,,unresolved,,,,,,,"nothing backed by a name or an anchor passed the SEC filing check. Search hits only (not used): 1530721 Capri Holdings Ltd (10-Ks 2013-05-29 to 2019-05-29, cov 1.00, name n/a, via sec_search_ticker); 1063761 SIMON PROPERTY GROUP INC. (10-Ks 2013-02-28 to 2019-02-22, cov 1.00, name n/a, via sec_search_ticker); 1022344 SIMON PROPERTY GROUP L P (10-Ks 2013-03-04 to 2019-02-22, cov 1.00, name n/a, via sec_search_ticker)"
KR,1996-01-02,,56873,KROGER CO,verified,sec_tickers+wikipedia_current,1.00,1.00,2009-03-31,2026-03-31,Kroger,
KRFT,2012-10-02,2015-07-06,1545158,"Kraft Foods Group, Inc.",verified,sec_search_name+sec_search_ticker,1.00,1.00,2013-03-21,2015-02-19,Kraft Foods,chosen over 1637459 Kraft Heinz Co by a closer name match
KSS,1998-08-14,2020-09-21,885639,KOHLS Corp,verified,sec_search_name+sec_search_ticker+sec_tickers,1.00,1.00,2009-03-20,2021-03-18,Kohl's,
KSU,2013-05-24,2021-12-14,54480,KANSAS CITY SOUTHERN,verified,sec_search_name+sec_search_ticker,1.00,1.00,2013-02-04,2023-02-28,Kansas City Southern,
KVUE,2023-08-25,,1944048,Kenvue Inc.,verified,sec_tickers+wikipedia_current,1.00,1.00,2024-03-01,2026-02-20,Kenvue,
L,1996-01-02,,60086,LOEWS CORP,verified,sec_tickers+wikipedia_current,1.00,1.00,2009-02-25,2026-02-10,Loews Corporation,
LB,1996-01-02,2021-08-03,,,unresolved,,,,,,,"nothing backed by a name or an anchor passed the SEC filing check. Search hits only (not used): 1527531 DBUBS 2011-LC3 Mortgage Trust (10-Ks 2012-03-30 to 2021-03-10, cov 1.00, name n/a, via sec_search_ticker); 1530219 GS Mortgage Securities Trust 2011-GC5 (10-Ks 2012-03-30 to 2021-03-26, cov 1.00, name n/a, via sec_search_ticker); 1528503 Morgan Stanley Capital I Trust 2011-C3 (10-Ks 2012-03-30 to 2021-03-29, cov 1.00, name n/a, via sec_search_ticker); 701985 Bath & Body Works, Inc. (10-Ks 2009-03-27 to 2022-03-18, cov 1.00, name n/a, via membership_continuity)"
LDOS,2009-12-21,2013-09-23,,,unresolved,,,,,,,"nothing backed by a name or an anchor passed the SEC filing check. Search hits only (not used): 1336920 Leidos Holdings, Inc. (10-Ks 2009-03-30 to 2014-03-27, cov 1.00, name n/a, via sec_tickers); 932111 MICREL INC (10-Ks 2009-02-26 to 2014-03-06, cov 1.00, name n/a, via sec_search_ticker); 1325702 MAGNACHIP SEMICONDUCTOR Corp (10-Ks 2011-03-18 to 2013-02-22, cov 1.00, name n/a, via sec_search_ticker); 310568 MICROSEMI CORP (10-Ks 2009-11-24 to 2014-11-13, cov 1.00, name n/a, via sec_search_ticker)"
LDOS,2019-08-09,,1336920,"Leidos Holdings, Inc.",verified,sec_tickers+wikipedia_current,1.00,1.00,2019-02-19,2026-02-17,Leidos,
LEG,1999-10-18,2021-12-20,58492,LEGGETT & PLATT INC,verified,sec_search_name+sec_search_ticker,1.00,1.00,2009-02-25,2023-02-24,Leggett & Platt,
LEN,2005-10-04,,920760,LENNAR CORP /NEW/,verified,sec_tickers+wikipedia_current,1.00,1.00,2009-01-27,2026-01-28,Lennar,
LH,2004-11-01,,920148,LABCORP HOLDINGS INC.,verified,sec_tickers+wikipedia_current,1.00,1.00,2009-02-26,2026-02-24,Labcorp,
LHX,2019-06-01,,202058,"L3HARRIS TECHNOLOGIES, INC. /DE/",verified,sec_tickers+wikipedia_current,1.00,1.00,2018-08-27,2026-02-12,L3Harris,
LIFE,2008-11-24,2014-01-24,1073431,Life Technologies Corp,verified,sec_search_name,1.00,1.00,2009-03-02,2013-02-28,Life Technologies,chosen over 780127 SYNOVIS LIFE TECHNOLOGIES INC by a closer name match
LII,2024-12-23,,1069202,LENNOX INTERNATIONAL INC,verified,sec_tickers+wikipedia_current,1.00,1.00,2024-02-13,2026-02-17,Lennox International,
LIN,2018-11-06,,1707925,LINDE PLC,verified,sec_tickers+wikipedia_current,1.00,1.00,2018-03-23,2026-02-25,Linde plc,
LITE,2026-03-23,,1633978,Lumentum Holdings Inc.,verified,sec_tickers+wikipedia_current,1.00,1.00,2025-08-19,2026-08-17,Lumentum,
LKQ,2016-05-23,2025-12-22,1065696,LKQ CORP,verified,sec_search_name+sec_search_ticker+sec_tickers,1.00,1.00,2016-02-25,2026-02-19,LKQ Corporation,
LLL,2004-12-01,2019-07-01,1039101,"L3 TECHNOLOGIES, INC.",verified,sec_search_name+sec_search_ticker,1.00,1.00,2009-02-26,2019-04-30,L3 Technologies,chosen over 1056239 L 3 COMMUNICATIONS HOLDINGS INC by a closer name match
LLTC,2000-04-03,2017-03-13,791907,LINEAR TECHNOLOGY CORP /CA/,verified,sec_search_name+sec_search_ticker,1.00,1.00,2009-08-14,2016-08-25,Linear Technology,
LLY,1996-01-02,,59478,ELI LILLY & Co,verified,sec_tickers+wikipedia_current,1.00,1.00,2009-02-27,2026-02-12,Lilly (Eli),
LM,2006-04-24,2016-12-02,704051,"LEGG MASON, INC.",verified,sec_search_name,1.00,1.00,2009-05-29,2017-05-24,Legg Mason,
LMT,1996-01-02,,936468,LOCKHEED MARTIN CORP,verified,sec_tickers+wikipedia_current,1.00,1.00,2009-02-26,2026-01-29,Lockheed Martin,
LNC,1996-01-02,2023-09-18,59558,LINCOLN NATIONAL CORP,verified,sec_search_name+sec_search_ticker+sec_tickers,1.00,1.00,2009-02-27,2024-02-22,Lincoln National Corporation,chosen over 726865 LINCOLN NATIONAL LIFE INSURANCE CO /IN/ by a closer name match
LNT,2016-07-01,,352541,ALLIANT ENERGY CORP,verified,sec_tickers+wikipedia_current,1.00,1.00,2016-02-24,2026-02-20,Alliant Energy,
LO,2008-06-11,2015-06-12,,,unresolved,,,,,,Lorillard Tobacco Company,"nothing backed by a name or an anchor passed the SEC filing check. Tried: 1424847 LORILLARD, LLC (10-Ks 2009-03-02 to 2015-04-21, cov 1.00, name 0.50, via sec_search_name); 59440 VECTOR GROUP LTD (10-Ks 2009-03-02 to 2016-03-08, cov 1.00, name 0.00, via sec_search_name); 1275283 REYNOLDS AMERICAN INC (10-Ks 2009-02-23 to 2016-02-11, cov 1.00, name 0.00, via sec_search_name); 1122904 NETGEAR, INC. (10-Ks 2009-03-04 to 2016-02-19, cov 1.00, name 0.00, via sec_search_ticker)"
LOW,1996-01-02,,60667,LOWES COMPANIES INC,verified,sec_tickers+wikipedia_current,1.00,1.00,2009-03-31,2026-03-23,Lowe's,
LRCX,2012-06-05,,707549,LAM RESEARCH CORP,verified,sec_tickers+wikipedia_current,1.00,1.00,2011-08-19,2026-08-07,Lam Research,
LSI,1996-01-02,2014-05-07,703360,LSI CORP,verified,sec_search_name+sec_search_ticker,1.00,1.00,2009-03-02,2014-04-24,LSI Corporation,chosen over 763532 LSI INDUSTRIES INC by a closer name match
LULU,2023-10-18,,1397187,lululemon athletica inc.,verified,sec_tickers+wikipedia_current,1.00,1.00,2023-03-28,2026-03-17,Lululemon Athletica,
LUMN,2020-09-18,2023-03-20,18926,"Lumen Technologies, Inc.",verified,sec_search_name+sec_search_ticker+sec_tickers,1.00,1.00,2020-02-28,2024-02-22,Lumen Technologies,
LUV,1996-01-02,,92380,SOUTHWEST AIRLINES CO,verified,sec_tickers+wikipedia_current,1.00,1.00,2009-02-02,2026-02-06,Southwest Airlines,
LVLT,2014-11-05,2017-10-13,794323,"Level 3 Parent, LLC",verified,sec_search_name+sec_search_ticker,1.00,1.00,2014-02-27,2018-03-01,Level 3 Communications,
LVS,2019-10-03,,1300514,LAS VEGAS SANDS CORP,verified,sec_tickers+wikipedia_current,1.00,1.00,2019-02-22,2026-02-06,Las Vegas Sands,
LW,2018-12-03,2026-03-23,1679273,"Lamb Weston Holdings, Inc.",verified,sec_search_name+sec_search_ticker+sec_tickers,1.00,1.00,2018-07-26,2026-07-24,Lamb Weston,
LXK,1999-08-13,2012-10-01,1001288,LEXMARK INTERNATIONAL INC /KY/,verified,sec_search_name+sec_search_ticker,1.00,1.00,2009-02-27,2013-02-26,Lexmark,
LYB,2012-09-05,,1489393,LyondellBasell Industries N.V.,verified,sec_tickers+wikipedia_current,1.00,1.00,2012-02-29,2026-02-20,LyondellBasell,
LYV,2019-12-23,,1335258,"Live Nation Entertainment, Inc.",verified,sec_tickers+wikipedia_current,1.00,1.00,2019-02-28,2026-02-19,Live Nation Entertainment,
M,1996-01-02,2020-04-06,794367,"Macy's, Inc.",verified,sec_search_name+sec_tickers,1.00,1.00,2009-04-01,2021-03-29,Macy's,
MA,2008-07-18,,1141391,Mastercard Inc,verified,sec_tickers+wikipedia_current,1.00,1.00,2009-02-19,2026-02-11,Mastercard,
MAA,2016-12-02,,912595,MID AMERICA APARTMENT COMMUNITIES INC.,verified,sec_tickers+wikipedia_current,1.00,1.00,2017-02-24,2026-02-06,Mid-America Apartment Communities,
MAC,2013-05-09,2019-12-23,912242,MACERICH CO,verified,sec_search_name+sec_tickers,1.00,1.00,2013-02-22,2021-02-24,Macerich,
MAR,1998-05-21,,1048286,MARRIOTT INTERNATIONAL INC /MD/,verified,sec_tickers+wikipedia_current,1.00,1.00,2009-02-12,2026-02-10,Marriott International,
MAS,1996-01-02,,62996,MASCO CORP /DE/,verified,sec_tickers+wikipedia_current,1.00,1.00,2009-02-17,2026-02-10,Masco,
MAT,1996-01-02,2019-06-07,63276,MATTEL INC /DE/,verified,sec_search_name+sec_search_ticker+sec_tickers,1.00,1.00,2009-02-26,2020-02-27,Mattel,
MCD,1996-01-02,,63908,MCDONALDS CORP,verified,sec_tickers+wikipedia_current,1.00,1.00,2009-02-25,2026-02-24,McDonald's,
MCHP,2007-09-07,,827054,MICROCHIP TECHNOLOGY INC,verified,sec_tickers+wikipedia_current,1.00,1.00,2009-05-29,2026-05-21,Microchip Technology,
MCK,1999-01-13,,927653,MCKESSON CORP,verified,sec_tickers+wikipedia_current,1.00,1.00,2009-05-05,2026-05-08,McKesson Corporation,
MCO,1996-01-02,,1059556,MOODYS CORP /DE/,verified,sec_tickers+wikipedia_current,1.00,1.00,2009-03-02,2026-02-18,Moody's Corporation,
MDLZ,2007-04-02,,1103982,"Mondelez International, Inc.",verified,sec_tickers+wikipedia_current,1.00,1.00,2009-02-27,2026-02-04,Mondelez International,
MDP,1996-01-02,2011-01-04,65011,"Hawkeye Acquisition, Inc.",verified,sec_search_ticker,1.00,1.00,2009-08-25,2011-08-24,Meredith Corp,
MDT,1996-01-02,,1613103,Medtronic plc,verified,sec_tickers+wikipedia_current,0.75,1.00,2015-06-23,2026-06-18,Medtronic,
MEE,2008-06-23,2011-06-02,37748,"Alpha Appalachia Holdings, Inc.",verified,sec_search_name+sec_search_ticker,1.00,1.00,2009-03-02,2011-04-19,Massey Energy,
MET,2000-12-11,,1099219,METLIFE INC,verified,sec_tickers+wikipedia_current,1.00,1.00,2009-03-02,2026-02-19,MetLife,
META,2022-06-09,,1326801,"Meta Platforms, Inc.",verified,sec_tickers+wikipedia_current,1.00,1.00,2022-02-03,2026-01-29,Meta Platforms,
MFE,2008-12-23,2011-03-01,890801,"McAfee, Inc.",verified,sec_search_name+sec_search_ticker,1.00,1.00,2009-03-02,2011-02-28,McAfee,
MGM,2017-07-26,,789570,MGM Resorts International,verified,sec_tickers+wikipedia_current,1.00,1.00,2017-03-01,2026-02-11,MGM Resorts,
MHK,2013-12-23,2025-12-22,851968,MOHAWK INDUSTRIES INC,verified,sec_search_name+sec_search_ticker+sec_tickers,1.00,1.00,2013-02-27,2026-02-24,Mohawk Industries,
MHS,2003-08-20,2012-04-02,1170650,MEDCO HEALTH SOLUTIONS INC,verified,sec_search_name+sec_search_ticker,1.00,1.00,2009-02-24,2012-04-02,Medco Health Solutions,
MI,2002-02-11,2011-07-06,1399315,MARSHALL & ILSLEY CORP,verified,sec_search_name,1.00,1.00,2009-03-02,2011-04-29,Marshall & Ilsley,
MIL,1996-01-02,2010-07-15,66479,MILLIPORE CORP /MA,verified,sec_search_name,1.00,1.00,2009-02-27,2010-03-23,Millipore,
MJN,2009-12-21,2017-06-15,1452575,Mead Johnson Nutrition Co,verified,sec_search_name+sec_search_ticker,1.00,1.00,2009-03-27,2017-03-13,Mead Johnson,
MKC,2003-03-21,,63754,MCCORMICK & CO INC,verified,sec_tickers+wikipedia_current,1.00,1.00,2009-01-28,2026-01-22,McCormick & Company,
MKTX,2019-07-01,2025-09-22,1278021,MARKETAXESS HOLDINGS INC,verified,sec_search_name+sec_search_ticker+sec_tickers,1.00,1.00,2019-02-20,2026-02-24,MarketAxess,
MLM,2014-07-02,,916076,MARTIN MARIETTA MATERIALS INC,verified,sec_tickers+wikipedia_current,1.00,1.00,2014-02-24,2026-02-19,Martin Marietta Materials,
MMC,1996-01-02,2026-01-14,62709,"MARSH & MCLENNAN COMPANIES, INC.",verified,membership_continuity+sec_search_ticker,1.00,,2009-02-27,2026-02-09,,
MMI,2011-01-04,2012-05-22,1495569,"Motorola Mobility Holdings, Inc",verified,sec_search_name,1.00,1.00,2011-02-18,2012-02-17,Motorola Mobility,
MMM,1996-01-02,,66740,3M CO,verified,sec_tickers+wikipedia_current,1.00,1.00,2009-02-17,2026-02-03,3M,
MNK,2014-08-19,2017-07-26,1567892,Keenova Therapeutics plc,verified,sec_search_name+sec_search_ticker,1.00,1.00,2013-12-13,2018-02-27,Mallinckrodt,
MNST,2012-06-29,,865752,Monster Beverage Corp,verified,sec_tickers+wikipedia_current,1.00,1.00,2012-02-29,2026-02-27,Monster Beverage,
MO,1996-01-02,,764180,"ALTRIA GROUP, INC.",verified,sec_tickers+wikipedia_current,1.00,1.00,2009-02-27,2026-05-27,Altria,
MOH,2022-03-02,2026-03-23,1179929,"MOLINA HEALTHCARE, INC.",verified,sec_search_name+sec_search_ticker+sec_tickers,1.00,1.00,2021-02-16,2026-02-10,Molina Healthcare,
MOLX,1999-12-01,2013-12-09,67472,MOLEX INC,verified,sec_search_name+sec_search_ticker,1.00,1.00,2009-08-05,2013-08-08,Molex,
MON,2002-08-14,2018-06-07,1110783,MONSANTO CO /NEW/,verified,sec_search_name+sec_search_ticker,1.00,1.00,2009-10-27,2017-10-27,Monsanto,
MOS,2011-09-26,,1285785,MOSAIC CO,verified,sec_tickers+wikipedia_current,1.00,1.00,2011-07-19,2026-03-17,Mosaic Company (The),
MPC,2011-07-01,,1510295,Marathon Petroleum Corp,verified,sec_tickers+wikipedia_current,1.00,1.00,2012-02-29,2026-02-26,Marathon Petroleum,
MPWR,2021-02-12,,1280452,"MONOLITHIC POWER SYSTEMS, INC.",verified,sec_tickers+wikipedia_current,1.00,1.00,2020-02-28,2026-02-27,Monolithic Power Systems,
MRK,1996-01-02,,310158,"Merck & Co., Inc.",verified,sec_tickers+wikipedia_current,1.00,1.00,2009-02-27,2026-02-24,Merck & Co.,
MRNA,2021-07-21,,1682852,"Moderna, Inc.",verified,sec_tickers+wikipedia_current,1.00,1.00,2022-02-25,2026-02-20,Moderna,
MRO,1996-01-02,2024-11-26,101778,MARATHON OIL CORP,verified,sec_search_name+sec_search_ticker,1.00,1.00,2009-02-27,2024-02-22,Marathon Oil,
MRSH,2026-01-14,,62709,"MARSH & MCLENNAN COMPANIES, INC.",verified,sec_tickers+wikipedia_current,1.00,1.00,2025-02-10,2026-02-09,Marsh McLennan,
MRVL,2026-06-22,,1835632,"Marvell Technology, Inc.",verified,sec_tickers+wikipedia_current,1.00,1.00,2026-03-11,2026-03-11,Marvell Technology,
MS,1996-01-02,,895421,MORGAN STANLEY,verified,sec_tickers+wikipedia_current,1.00,1.00,2009-01-29,2026-02-19,Morgan Stanley,
MSCI,2018-04-04,,1408198,MSCI Inc.,verified,sec_tickers+wikipedia_current,1.00,1.00,2018-02-26,2026-02-06,MSCI,
MSFT,1996-01-02,,789019,MICROSOFT CORP,verified,sec_tickers+wikipedia_current,1.00,1.00,2009-07-30,2026-07-29,Microsoft,
MSI,1996-01-02,,68505,"Motorola Solutions, Inc.",verified,sec_tickers+wikipedia_current,1.00,1.00,2009-02-26,2026-02-12,Motorola Solutions,
MTB,2004-02-27,,36270,M&T BANK CORP,verified,sec_tickers+wikipedia_current,1.00,1.00,2009-02-23,2026-02-18,M&T Bank,
MTCH,2021-09-20,2026-03-23,891103,"Match Group, Inc.",verified,sec_search_name+sec_search_ticker+sec_tickers,1.00,1.00,2021-02-25,2026-02-26,Match Group,
MTD,2016-09-06,,1037646,METTLER TOLEDO INTERNATIONAL INC/,verified,sec_tickers+wikipedia_current,1.00,1.00,2016-02-04,2026-02-06,Mettler Toledo,
MU,1996-01-02,,723125,MICRON TECHNOLOGY INC,verified,sec_tickers+wikipedia_current,1.00,1.00,2009-10-28,2025-10-03,Micron Technology,
MUR,2005-08-15,2017-07-26,717423,MURPHY OIL CORP,verified,sec_search_name+sec_search_ticker+sec_tickers,1.00,1.00,2009-02-27,2018-02-26,Murphy Oil,
MWV,1996-01-02,2015-07-02,,,unresolved,,,,,,,"nothing backed by a name or an anchor passed the SEC filing check. Search hits only (not used): 1159297 MEADWESTVACO Corp (10-Ks 2009-02-24 to 2015-04-20, cov 1.00, name n/a, via sec_search_ticker); 1325281 KAPSTONE PAPER & PACKAGING CORP (10-Ks 2009-03-31 to 2016-02-26, cov 1.00, name n/a, via sec_search_ticker); 1341141 CatchMark Timber Trust, Inc. (10-Ks 2009-03-30 to 2016-03-07, cov 1.00, name n/a, via sec_search_ticker)"
MWW,2001-06-04,2011-12-19,1020416,"MONSTER WORLDWIDE, INC.",verified,sec_search_name+sec_search_ticker,1.00,1.00,2009-02-12,2013-02-13,Monster Worldwide,
MXIM,2018-12-03,2021-08-30,743316,MAXIM INTEGRATED PRODUCTS INC,verified,sec_search_name+sec_search_ticker,1.00,1.00,2018-08-17,2021-09-07,Maxim Integrated,
MYL,2004-04-23,2020-11-17,,,unresolved,,,,,,,"nothing backed by a name or an anchor passed the SEC filing check. Search hits only (not used): 1434601 Transglobal Management Group, Inc. (10-Ks 2009-07-24 to 2021-10-14, cov 1.00, name n/a, via sec_search_ticker); 1623613 Mylan II B.V. (10-Ks 2016-02-16 to 2020-04-29, cov 1.00, name n/a, via sec_search_ticker); 69499 MYLAN INC. (10-Ks 2009-02-23 to 2015-04-30, cov 0.90, name n/a, via sec_search_ticker)"
NAVI,2014-05-01,2018-06-05,1593538,NAVIENT CORP,verified,sec_search_ticker+sec_tickers,1.00,1.00,2015-02-27,2019-02-26,Navient,chosen over 1613765 Navient Student Loan Trust 2014-5 by a closer name match
NBL,2007-10-08,2020-10-12,72207,NOBLE ENERGY INC,verified,sec_search_name+sec_search_ticker,1.00,1.00,2009-02-19,2020-02-12,Noble Energy,chosen over 1647513 Noble Midstream Partners LP by a closer name match
NBR,2000-10-18,2015-03-23,1163739,NABORS INDUSTRIES LTD,verified,sec_search_name+sec_search_ticker+sec_tickers,1.00,1.00,2009-03-02,2016-04-04,Nabors Industries,
NCLH,2017-10-13,,1513761,Norwegian Cruise Line Holdings Ltd.,verified,sec_tickers+wikipedia_current,1.00,1.00,2017-02-27,2026-03-02,Norwegian Cruise Line Holdings,
NDAQ,2008-10-22,,1120193,"NASDAQ, INC.",verified,sec_tickers+wikipedia_current,1.00,1.00,2009-02-27,2026-02-12,"Nasdaq, Inc.",
NDSN,2022-02-15,,72331,NORDSON CORP,verified,sec_tickers+wikipedia_current,1.00,1.00,2021-02-02,2025-12-17,Nordson Corporation,
NE,2011-01-18,2015-07-20,,,conflict,,,,,,Noble Corporation,"more than one company passed: 1458891 Noble Corp (10-Ks 2010-02-26 to 2016-02-25, cov 1.00, name 1.00, via sec_search_name); 1169055 Noble Finance Co (10-Ks 2010-02-26 to 2016-02-25, cov 1.00, name 1.00, via sec_search_name)"
NEE,1996-01-02,,753308,NEXTERA ENERGY INC,verified,sec_tickers+wikipedia_current,1.00,1.00,2009-02-27,2026-02-13,NextEra Energy,
NEM,1996-01-02,,1164727,NEWMONT Corp /DE/,verified,sec_tickers+wikipedia_current,1.00,1.00,2009-02-19,2026-02-19,Newmont,
NFLX,2010-12-20,,1065280,NETFLIX INC,verified,sec_tickers+wikipedia_current,1.00,1.00,2010-02-22,2026-01-23,Netflix,
NFX,2010-12-20,2019-02-15,912750,NEWFIELD EXPLORATION CO /DE/,verified,sec_search_name+sec_search_ticker,1.00,1.00,2011-02-25,2018-02-20,Newfield Exploration,
NI,2000-11-02,,1111711,NISOURCE INC.,verified,sec_tickers+wikipedia_current,1.00,1.00,2009-02-27,2026-02-11,NiSource,
NKE,1996-01-02,,320187,"NIKE, Inc.",verified,sec_tickers+wikipedia_current,1.00,1.00,2009-07-27,2026-07-15,"Nike, Inc.",
NKTR,2018-03-19,2019-10-03,906709,NEKTAR THERAPEUTICS,verified,sec_search_name+sec_search_ticker+sec_tickers,1.00,1.00,2017-03-01,2020-02-28,Nektar Therapeutics,
NLOK,2019-11-05,2022-11-08,849399,Gen Digital Inc.,verified,membership_continuity+sec_search_ticker,1.00,,2018-10-26,2023-05-25,,
NLSN,2013-07-09,2022-10-12,1492633,Nielsen Holdings plc,verified,sec_search_name+sec_search_ticker,1.00,1.00,2013-02-22,2022-02-28,Nielsen Holdings,
NOC,1996-01-02,,1133421,NORTHROP GRUMMAN CORP /DE/,verified,sec_tickers+wikipedia_current,1.00,1.00,2009-02-10,2026-01-27,Northrop Grumman,
NOV,2005-03-14,2021-09-20,1021860,NOV Inc.,verified,sec_search_name+sec_search_ticker+sec_tickers,1.00,1.00,2009-03-02,2022-02-11,Nov,
NOVL,1996-01-02,2011-04-28,758004,NOVELL INC,verified,sec_search_name+sec_search_ticker,1.00,1.00,2008-12-23,2011-08-23,Novell,
NOW,2019-11-21,,1373715,"ServiceNow, Inc.",verified,sec_tickers+wikipedia_current,1.00,1.00,2019-02-27,2026-01-29,ServiceNow,
NRG,2010-01-29,,1013871,"NRG ENERGY, INC.",verified,sec_tickers+wikipedia_current,1.00,1.00,2009-02-12,2026-02-24,NRG Energy,
NSC,1996-01-02,,702165,NORFOLK SOUTHERN CORP,verified,sec_tickers+wikipedia_current,1.00,1.00,2009-02-18,2026-02-09,Norfolk Southern,
NSM,1996-01-02,2011-09-26,70530,NATIONAL SEMICONDUCTOR CORP,verified,sec_search_name,1.00,1.00,2009-07-29,2011-07-27,National Semiconductor,
NTAP,1999-06-25,,1002047,"NetApp, Inc.",verified,sec_tickers+wikipedia_current,1.00,1.00,2009-06-17,2026-06-05,NetApp,
NTRS,1998-01-30,,73124,NORTHERN TRUST CORP,verified,sec_tickers+wikipedia_current,1.00,1.00,2009-02-27,2026-02-24,Northern Trust,
NUE,1996-01-02,,73309,NUCOR CORP,verified,sec_tickers+wikipedia_current,1.00,1.00,2009-02-26,2026-02-25,Nucor,
NVDA,2001-11-30,,1045810,NVIDIA CORP,verified,sec_tickers+wikipedia_current,1.00,1.00,2009-03-13,2026-02-25,Nvidia,
NVLS,2000-06-19,2012-06-05,836106,NOVELLUS SYSTEMS INC,verified,sec_search_name+sec_search_ticker,1.00,1.00,2009-02-27,2012-03-23,Novellus Systems,
NVR,2019-09-26,,906163,NVR INC,verified,sec_tickers+wikipedia_current,1.00,1.00,2019-02-13,2026-02-11,"NVR, Inc.",
NWL,1996-01-02,2023-09-18,814453,NEWELL BRANDS INC.,verified,sec_search_name+sec_search_ticker+sec_tickers,1.00,1.00,2009-03-02,2024-02-21,Newell Brands,
NWS,2015-09-21,,1564708,NEWS CORP,verified,sec_tickers+wikipedia_current,1.00,1.00,2015-08-13,2026-08-07,News Corp (Class B),
NWSA,2013-07-01,,1564708,NEWS CORP,verified,sec_tickers+wikipedia_current,1.00,1.00,2013-09-20,2026-08-07,News Corp (Class A),
NXPI,2021-03-22,,1413447,NXP Semiconductors N.V.,verified,sec_tickers+wikipedia_current,1.00,1.00,2020-02-27,2026-02-19,NXP Semiconductors,
NYT,1996-01-02,2010-12-20,71691,NEW YORK TIMES CO,verified,sec_search_name+sec_search_ticker+sec_tickers,1.00,1.00,2009-02-26,2012-02-23,The New York Times Company,
NYX,2007-10-25,2013-11-13,1368007,NYSE Euronext,verified,sec_search_name+sec_search_ticker,1.00,1.00,2009-02-27,2013-02-26,NYSE Euronext,
O,2015-04-07,,726728,REALTY INCOME CORP,verified,sec_tickers+wikipedia_current,1.00,1.00,2015-02-18,2026-02-25,Realty Income,
ODFL,2019-12-09,,878927,"OLD DOMINION FREIGHT LINE, INC.",verified,sec_tickers+wikipedia_current,1.00,1.00,2019-02-27,2026-02-24,Old Dominion,
ODP,1999-06-24,2010-12-20,800240,ODP Corp,verified,sec_search_name,1.00,1.00,2009-02-24,2012-02-28,Office Depot,
OGN,2021-06-04,2023-10-18,1821825,Organon & Co.,verified,sec_search_name+sec_search_ticker+sec_tickers,1.00,1.00,2022-03-21,2024-02-26,Organon & Co.,
OI,2009-01-02,2016-12-02,,,conflict,,,,,,Owens-Illinois,"more than one company passed: 812074 O-I Glass, Inc. /DE/ (10-Ks 2009-02-17 to 2018-02-14, cov 1.00, name 1.00, via sec_search_name+sec_search_ticker+sec_tickers); 812233 OWENS-ILLINOIS GROUP INC (10-Ks 2009-02-17 to 2018-02-20, cov 1.00, name 1.00, via sec_search_name+sec_search_ticker)"
OKE,2010-03-15,,1039684,ONEOK INC /NEW/,verified,sec_tickers+wikipedia_current,1.00,1.00,2009-02-25,2026-02-24,Oneok,
OMC,1997-12-24,,29989,OMNICOM GROUP INC.,verified,sec_tickers+wikipedia_current,1.00,1.00,2009-02-27,2026-02-20,Omnicom Group,
ON,2022-06-21,,1097864,ON SEMICONDUCTOR CORP,verified,sec_tickers+wikipedia_current,1.00,1.00,2022-02-14,2026-02-09,ON Semiconductor,
ORCL,1996-01-02,,1341439,ORACLE CORP,verified,sec_tickers+wikipedia_current,1.00,1.00,2009-06-29,2026-06-22,Oracle Corporation,
ORLY,2009-03-27,,898173,O REILLY AUTOMOTIVE INC,verified,sec_tickers+wikipedia_current,1.00,1.00,2009-03-02,2026-02-27,O'Reilly Automotive,
OTIS,2020-04-03,,1781335,Otis Worldwide Corp,verified,sec_tickers+wikipedia_current,1.00,1.00,2021-02-05,2026-02-05,Otis Worldwide,
OXY,1996-01-02,,797468,OCCIDENTAL PETROLEUM CORP /DE/,verified,sec_tickers+wikipedia_current,1.00,1.00,2009-02-24,2026-02-18,Occidental Petroleum,
PANW,2023-06-20,,1327567,Palo Alto Networks Inc,verified,sec_tickers+wikipedia_current,1.00,1.00,2022-09-06,2026-09-10,Palo Alto Networks,
PARA,2022-02-17,2025-08-08,,,unresolved,,,,,,,"nothing backed by a name or an anchor passed the SEC filing check. Search hits only (not used): 1826011 Banzai International, Inc. (10-Ks 2021-03-26 to 2026-03-31, cov 1.00, name n/a, via sec_tickers); 899751 TITAN INTERNATIONAL INC (10-Ks 2021-03-04 to 2026-02-26, cov 1.00, name n/a, via sec_search_ticker); 80035 PREFORMED LINE PRODUCTS CO (10-Ks 2021-03-05 to 2026-03-05, cov 1.00, name n/a, via sec_search_ticker); 711377 NEOGEN CORP (10-Ks 2021-07-30 to 2026-07-30, cov 1.00, name n/a, via sec_search_ticker)"
PAYC,2020-01-28,2026-03-23,1590955,"Paycom Software, Inc.",verified,sec_search_name+sec_search_ticker+sec_tickers,1.00,1.00,2019-02-14,2026-02-19,Paycom,
PAYX,1998-10-01,,723531,PAYCHEX INC,verified,sec_tickers+wikipedia_current,1.00,1.00,2009-07-20,2026-07-17,Paychex,
PBCT,2008-11-13,2022-04-04,1378946,"People's United Financial, Inc.",verified,sec_search_name+sec_search_ticker,1.00,1.00,2009-03-02,2022-03-31,People's United Financial,
PBG,2001-05-14,2010-03-01,,,unresolved,,,,,,,"nothing backed by a name or an anchor passed the SEC filing check. Search hits only (not used): 1076405 PEPSI BOTTLING GROUP INC (10-Ks 2009-02-20 to 2010-02-22, cov 1.00, name n/a, via sec_search_ticker); 1087835 BOTTLING GROUP LLC (10-Ks 2009-02-20 to 2010-02-22, cov 1.00, name n/a, via sec_search_ticker); 77476 PEPSICO INC (10-Ks 2009-02-19 to 2011-02-18, cov 1.00, name n/a, via sec_search_ticker); 46765 Helmerich & Payne, Inc. (10-Ks 2009-11-25 to 2010-11-24, cov 1.00, name n/a, via membership_continuity)"
PBI,1996-01-02,2017-03-01,78814,PITNEY BOWES INC /DE/,verified,sec_search_name+sec_search_ticker+sec_tickers,1.00,1.00,2009-02-26,2018-02-22,Pitney Bowes,
PCAR,1996-01-02,,75362,PACCAR INC,verified,sec_tickers+wikipedia_current,1.00,1.00,2009-02-27,2026-02-18,Paccar,
PCG,1996-01-02,2019-01-18,,,unresolved,,,,,,Pacific Gas & Electric Company,"nothing backed by a name or an anchor passed the SEC filing check. Tried: 1004980 PG&E Corp (10-Ks 2009-02-24 to 2020-03-31, cov 1.00, name 0.00, via sec_search_ticker+sec_tickers); 866706 ESCO TECHNOLOGIES INC (10-Ks 2008-12-01 to 2019-11-29, cov 1.00, name 0.00, via sec_search_name); 277638 DAVEY TREE EXPERT CO (10-Ks 2009-03-13 to 2020-03-09, cov 1.00, name 0.00, via sec_search_name); 1035201 CALIFORNIA WATER SERVICE GROUP (10-Ks 2009-03-02 to 2020-02-27, cov 1.00, name 0.00, via sec_search_name)"
PCG,2022-10-03,,1004980,PG&E Corp,verified,sec_tickers+wikipedia_current,1.00,1.00,2022-02-10,2026-02-12,PG&E Corporation,
PCL,2002-01-17,2016-02-22,849213,PLUM CREEK TIMBER CO INC,verified,sec_search_name+sec_search_ticker,1.00,1.00,2009-02-27,2016-02-18,Plum Creek Timber,
PCP,2007-06-01,2016-02-01,79958,PRECISION CASTPARTS CORP,verified,sec_search_ticker,1.00,1.00,2009-05-28,2016-04-08,Precision Castparts Corporation,
PDCO,2005-10-11,2018-03-19,891024,"PATTERSON COMPANIES, INC.",verified,sec_search_name+sec_search_ticker,1.00,1.00,2009-06-24,2018-06-27,Patterson Companies,
PEAK,2019-11-05,2024-03-04,,,unresolved,,,,,,,"nothing backed by a name or an anchor passed the SEC filing check. Search hits only (not used): 1502377 Contango Silver & Gold Inc. (10-Ks 2019-08-28 to 2025-04-14, cov 1.00, name n/a, via sec_search_ticker); 1803498 Blackstone Private Credit Fund (10-Ks 2021-03-05 to 2025-03-14, cov 1.00, name n/a, via sec_search_ticker); 765880 HEALTHPEAK PROPERTIES, INC. (10-Ks 2019-02-14 to 2025-02-04, cov 1.00, name n/a, via membership_continuity)"
PEG,1996-01-02,,788784,PUBLIC SERVICE ENTERPRISE GROUP INC,verified,sec_tickers+wikipedia_current,1.00,1.00,2009-02-26,2026-02-26,Public Service Enterprise Group,
PENN,2021-03-22,2022-09-19,921738,"PENN Entertainment, Inc.",verified,sec_tickers,1.00,1.00,2020-02-27,2023-02-23,Penn Entertainment,chosen over 1828376 William Penn Bancorporation by a closer name match
PEP,1996-01-02,,77476,PEPSICO INC,verified,sec_tickers+wikipedia_current,1.00,1.00,2009-02-19,2026-02-03,PepsiCo,
PETM,2012-10-05,2015-03-12,863157,PETSMART INC,verified,sec_search_name+sec_search_ticker,1.00,1.00,2012-03-23,2014-03-27,PetSmart,
PFE,1996-01-02,,78003,PFIZER INC,verified,sec_tickers+wikipedia_current,1.00,1.00,2009-02-27,2026-02-26,Pfizer,
PFG,2002-07-22,,1126328,PRINCIPAL FINANCIAL GROUP INC,verified,sec_tickers+wikipedia_current,1.00,1.00,2009-02-18,2026-02-18,Principal Financial Group,
PG,1996-01-02,,80424,PROCTER & GAMBLE Co,verified,sec_tickers+wikipedia_current,1.00,1.00,2009-08-14,2026-08-04,Procter & Gamble,
PGN,1996-01-02,2012-07-02,1094093,PROGRESS ENERGY INC,verified,sec_search_name+sec_search_ticker,1.00,1.00,2009-03-02,2013-03-01,Progress Energy,
PGR,1997-08-04,,80661,PROGRESSIVE CORP/OH/,verified,sec_tickers+wikipedia_current,1.00,1.00,2009-02-25,2026-03-02,Progressive Corporation,
PH,1996-01-02,,76334,Parker-Hannifin Corp,verified,sec_tickers+wikipedia_current,1.00,1.00,2009-08-27,2026-08-21,Parker Hannifin,
PHM,1996-01-02,,822416,PULTEGROUP INC/MI/,verified,sec_tickers+wikipedia_current,1.00,1.00,2009-02-26,2026-02-04,PulteGroup,
PKG,2017-07-26,,75677,PACKAGING CORP OF AMERICA,verified,sec_tickers+wikipedia_current,1.00,1.00,2017-02-28,2026-02-26,Packaging Corporation of America,
PKI,1996-01-02,2023-05-16,31791,"REVVITY, INC.",verified,membership_continuity+sec_search_ticker,1.00,,2009-02-26,2024-02-27,,
PLD,2003-07-17,,1045609,"Prologis, Inc.",verified,sec_tickers+wikipedia_current,1.00,1.00,2009-03-02,2026-02-13,Prologis,
PLL,1996-01-02,2015-08-31,75829,PALL CORP,verified,sec_search_name,1.00,1.00,2009-09-29,2014-09-08,Pall Corporation,
PLTR,2024-09-23,,1321655,Palantir Technologies Inc.,verified,sec_tickers+wikipedia_current,1.00,1.00,2024-02-20,2026-02-17,Palantir Technologies,
PM,2008-03-31,,1413329,Philip Morris International Inc.,verified,sec_tickers+wikipedia_current,1.00,1.00,2009-02-26,2026-02-06,Philip Morris International,
PNC,1996-01-02,,713676,"PNC FINANCIAL SERVICES GROUP, INC.",verified,sec_tickers+wikipedia_current,1.00,1.00,2009-03-02,2026-02-20,PNC Financial Services,
PNR,2012-10-01,,77360,PENTAIR plc,verified,sec_tickers+wikipedia_current,1.00,1.00,2012-02-21,2026-02-24,Pentair,
PNW,1999-10-04,,764622,PINNACLE WEST CAPITAL CORP,verified,sec_tickers+wikipedia_current,1.00,1.00,2009-02-20,2026-02-25,Pinnacle West Capital,
PODD,2023-03-15,,1145197,INSULET CORP,verified,sec_tickers+wikipedia_current,1.00,1.00,2022-02-24,2026-02-18,Insulet Corporation,
POM,2007-11-09,2016-03-24,1135971,PEPCO HOLDINGS LLC,verified,sec_search_name,1.00,1.00,2009-03-02,2017-02-13,Pepco Holdings,
POOL,2020-10-07,2026-06-22,945841,POOL CORP,verified,sec_search_name+sec_tickers,1.00,1.00,2020-02-27,2026-02-26,Pool Corporation,
PPG,1996-01-02,,79879,PPG INDUSTRIES INC,verified,sec_tickers+wikipedia_current,1.00,1.00,2009-02-19,2026-02-19,PPG Industries,
PPL,1996-01-02,,922224,PPL Corp,verified,sec_tickers+wikipedia_current,1.00,1.00,2009-02-27,2026-02-20,PPL Corporation,
PRGO,2011-12-19,2021-09-20,1585364,PERRIGO Co plc,verified,sec_search_name+sec_search_ticker+sec_tickers,1.00,1.00,2014-08-14,2022-03-01,Perrigo,
PRU,2002-07-22,,1137774,PRUDENTIAL FINANCIAL INC,verified,sec_tickers+wikipedia_current,1.00,1.00,2009-02-27,2026-02-12,Prudential Financial,
PSA,2005-08-19,,1393311,Public Storage,verified,sec_tickers+wikipedia_current,1.00,1.00,2009-03-02,2026-02-12,Public Storage,
PSKY,2025-08-08,,2041610,Skydance Corp,verified,sec_tickers+wikipedia_current,1.00,1.00,2026-02-25,2026-04-24,Paramount Skydance Corporation,
PSX,2012-05-01,,1534701,Phillips 66,verified,sec_tickers+wikipedia_current,1.00,1.00,2013-02-22,2026-02-20,Phillips 66,
PTC,2021-04-20,,857005,PTC INC.,verified,sec_tickers+wikipedia_current,1.00,1.00,2020-11-20,2025-11-21,PTC Inc.,
PTV,1999-11-05,2010-11-17,1089976,PACTIV LLC,verified,sec_search_name,1.00,1.00,2008-12-19,2010-06-04,Pactiv,
PVH,2013-02-14,2022-09-19,78239,PVH CORP. /DE/,verified,sec_search_name+sec_search_ticker+sec_tickers,1.00,1.00,2012-03-28,2023-03-28,PVH,
PWR,2009-07-01,,1050915,"QUANTA SERVICES, INC.",verified,sec_tickers+wikipedia_current,1.00,1.00,2009-03-02,2026-02-19,Quanta Services,
PX,1996-01-02,2018-10-31,,,unresolved,,,,,,,"nothing backed by a name or an anchor passed the SEC filing check. Search hits only (not used): 884905 LINDE INC (10-Ks 2009-02-25 to 2018-04-30, cov 1.00, name n/a, via sec_search_ticker); 1421517 Energy Recovery, Inc. (10-Ks 2009-03-27 to 2019-03-12, cov 1.00, name n/a, via sec_search_ticker); 1412067 Cascadian Therapeutics, Inc. (10-Ks 2009-03-30 to 2018-03-08, cov 1.00, name n/a, via sec_search_ticker)"
PXD,2008-09-24,2024-05-08,1038357,PIONEER NATURAL RESOURCES CO,verified,sec_search_name+sec_search_ticker,1.00,1.00,2009-02-25,2024-04-29,Pioneer Natural Resources,
PYPL,2015-07-20,,1633917,"PayPal Holdings, Inc.",verified,sec_tickers+wikipedia_current,1.00,1.00,2016-02-11,2026-02-03,PayPal,
Q,2000-07-06,2011-04-01,1037949,QWEST COMMUNICATIONS INTERNATIONAL INC,verified,sec_search_name,1.00,1.00,2009-02-13,2012-03-02,Qwest Communications,
Q,2025-11-03,,2058873,"Qnity Electronics, Inc.",verified,sec_tickers+wikipedia_current,1.00,1.00,2026-02-26,2026-02-26,Qnity Electronics,
QCOM,1999-07-22,,804328,QUALCOMM INC/DE,verified,sec_tickers+wikipedia_current,1.00,1.00,2009-11-05,2025-11-05,Qualcomm,
QEP,2010-07-01,2015-07-01,1108827,"QEP RESOURCES, INC.",verified,sec_search_name+sec_search_ticker,1.00,1.00,2010-03-08,2016-02-24,QEP Resources,chosen over 1576044 Andeavor Midstream Partners LP by a closer name match
QLGC,2000-12-12,2011-01-18,,,unresolved,,,,,,,"nothing backed by a name or an anchor passed the SEC filing check. Search hits only (not used): 918386 QLOGIC CORP (10-Ks 2009-05-21 to 2011-05-26, cov 1.00, name n/a, via sec_search_ticker)"
QRVO,2015-06-12,2024-12-23,1604778,"Qorvo, Inc.",verified,sec_search_name+sec_search_ticker+sec_tickers,1.00,1.00,2015-05-27,2025-05-19,Qorvo,
R,1996-01-02,2017-06-19,85961,RYDER SYSTEM INC,verified,sec_search_name+sec_tickers,1.00,1.00,2009-02-11,2018-02-20,Ryder System,
RAI,2002-09-04,2017-07-25,1275283,REYNOLDS AMERICAN INC,verified,sec_search_name+sec_search_ticker,1.00,1.00,2009-02-23,2017-03-20,Reynolds American,
RCL,2014-12-05,,884887,ROYAL CARIBBEAN CRUISES LTD,verified,sec_tickers+wikipedia_current,1.00,1.00,2014-02-20,2026-02-11,Royal Caribbean Group,
RDC,1996-01-02,2014-08-19,85408,ROWAN COMPANIES PLC,verified,sec_search_name+sec_search_ticker,1.00,1.00,2009-03-02,2015-03-02,Rowan Companies,
RDDT,2026-08-18,,1713445,"Reddit, Inc.",verified,sec_tickers+wikipedia_current,1.00,1.00,2026-02-06,2026-02-06,Reddit,
RE,2017-06-19,2023-07-10,,,unresolved,,,,,,,"nothing backed by a name or an anchor passed the SEC filing check. Search hits only (not used): 1630472 TPG RE Finance Trust, Inc. (10-Ks 2018-02-26 to 2024-02-20, cov 1.00, name n/a, via sec_search_ticker); 1581091 RE/MAX Holdings, Inc. (10-Ks 2017-02-24 to 2024-02-22, cov 1.00, name n/a, via sec_search_ticker); 1576018 SiriusPoint Ltd (10-Ks 2017-02-24 to 2024-02-29, cov 1.00, name n/a, via sec_search_ticker); 1095073 EVEREST GROUP, LTD. (10-Ks 2017-03-01 to 2024-02-28, cov 1.00, name n/a, via membership_continuity)"
REG,2017-03-02,,910606,REGENCY CENTERS CORP,verified,sec_tickers+wikipedia_current,1.00,1.00,2017-02-27,2026-02-13,Regency Centers,
REGN,2013-05-01,,872589,"REGENERON PHARMACEUTICALS, INC.",verified,sec_tickers+wikipedia_current,1.00,1.00,2013-02-15,2026-02-04,Regeneron Pharmaceuticals,
RF,1998-08-28,,1281761,REGIONS FINANCIAL CORP,verified,sec_tickers+wikipedia_current,1.00,1.00,2009-02-25,2026-02-24,Regions Financial Corporation,
RHI,2000-12-05,2024-06-24,315213,ROBERT HALF INC.,verified,sec_search_name+sec_search_ticker+sec_tickers,1.00,1.00,2009-02-19,2025-02-13,Robert Half,
RHT,2009-07-27,2019-07-15,1087423,RED HAT INC,verified,sec_search_name+sec_search_ticker,1.00,1.00,2009-04-29,2019-04-24,Red Hat,
RIG,2013-10-29,2017-07-26,1451505,Transocean Ltd.,verified,sec_search_name+sec_search_ticker+sec_tickers,1.00,1.00,2013-03-01,2018-02-21,Transocean,chosen over 1607250 Transocean Partners LLC by a closer name match
RJF,2017-03-20,,720005,RAYMOND JAMES FINANCIAL INC,verified,sec_tickers+wikipedia_current,1.00,1.00,2016-11-22,2025-11-25,Raymond James Financial,
RL,2007-02-02,,1037038,RALPH LAUREN CORP,verified,sec_tickers+wikipedia_current,1.00,1.00,2009-05-27,2026-05-21,Ralph Lauren Corporation,
RMD,2017-07-26,,943819,RESMED INC,verified,sec_tickers+wikipedia_current,1.00,1.00,2016-08-05,2026-08-13,ResMed|,
ROK,1996-01-02,,1024478,"ROCKWELL AUTOMATION, INC",verified,sec_tickers+wikipedia_current,1.00,1.00,2009-11-18,2025-11-12,Rockwell Automation,
ROL,2018-10-01,,84839,ROLLINS INC,verified,sec_tickers+wikipedia_current,1.00,1.00,2018-02-26,2026-02-12,"Rollins, Inc.",
ROP,2009-12-23,,882835,ROPER TECHNOLOGIES INC,verified,sec_tickers+wikipedia_current,1.00,1.00,2009-03-02,2026-02-24,Roper Technologies,
ROST,2009-12-21,,745732,"ROSS STORES, INC.",verified,sec_tickers+wikipedia_current,1.00,1.00,2009-03-31,2026-03-31,Ross Stores,
RRC,2007-12-21,2018-06-18,315852,RANGE RESOURCES CORP,verified,sec_search_name+sec_search_ticker+sec_tickers,1.00,1.00,2009-02-25,2019-02-25,Range Resources,
RRD,1996-01-02,2012-12-12,29669,RR Donnelley & Sons Co,verified,sec_search_name+sec_search_ticker,1.00,1.00,2010-02-24,2014-02-27,RR Donnelley,
RSG,2008-12-05,,1060391,"REPUBLIC SERVICES, INC.",verified,sec_tickers+wikipedia_current,1.00,1.00,2009-03-02,2026-02-18,Republic Services,
RSHCQ,1996-01-02,2011-07-01,,,unresolved,,,,,,,"nothing backed by a name or an anchor passed the SEC filing check. Search hits only (not used): 1510295 Marathon Petroleum Corp (10-Ks 2012-02-29 to 2012-02-29, cov 1.00, name n/a, via membership_continuity)"
RTN,1996-01-02,2020-04-06,1047122,RAYTHEON CO/,verified,sec_search_name+sec_search_ticker,1.00,1.00,2009-02-25,2020-04-01,Raytheon Company,
RTX,2020-04-03,,101829,RTX Corp,verified,sec_tickers+wikipedia_current,1.00,1.00,2019-04-05,2026-02-06,RTX Corporation,
RVTY,2023-05-16,,31791,"REVVITY, INC.",verified,sec_tickers+wikipedia_current,1.00,1.00,2023-03-01,2026-02-24,Revvity,
RX,1996-11-04,2010-02-26,1058083,IMS HEALTH INC,verified,sec_search_name,1.00,1.00,2009-02-27,2010-02-17,IMS Health,
S,1996-01-02,2013-07-09,101830,SPRINT LLC,verified,sec_search_name,1.00,1.00,2009-02-27,2014-05-27,Sprint Nextel,
SATS,2026-03-23,2026-06-24,1415404,EchoStar CORP,verified,membership_continuity+sec_search_ticker,1.00,,2025-02-27,2026-04-30,,
SBAC,2017-09-01,,1034054,SBA COMMUNICATIONS CORP,verified,sec_tickers+wikipedia_current,1.00,1.00,2017-03-01,2026-02-27,SBA Communications,
SBNY,2021-12-20,2023-03-15,,,unresolved,,,,,,Signature Bank,"nothing backed by a name or an anchor passed the SEC filing check. Tried: 1901037 Stellus Private Credit BDC (10-Ks 2023-03-03 to 2024-03-11, cov 1.00, name 0.00, via sec_search_name); 927628 CAPITAL ONE FINANCIAL CORP (10-Ks 2022-02-25 to 2024-02-23, cov 1.00, name 0.00, via sec_search_name); 1161728 MGE ENERGY INC (10-Ks 2021-02-24 to 2024-02-21, cov 1.00, name 0.00, via sec_search_name); 1380846 TriState Capital Holdings, Inc. (10-Ks 2021-02-25 to 2022-04-29, cov 1.00, name 0.00, via sec_search_ticker)"
SBUX,2000-06-08,,829224,STARBUCKS CORP,verified,sec_tickers+wikipedia_current,1.00,1.00,2009-11-20,2025-11-14,Starbucks,
SCG,2009-01-02,2019-01-02,754737,SCANA CORP,verified,sec_search_name,1.00,1.00,2009-02-27,2019-02-28,SCANA,
SCHW,1997-06-02,,316709,SCHWAB CHARLES CORP,verified,sec_tickers+wikipedia_current,1.00,1.00,2009-02-25,2026-02-25,Charles Schwab Corporation,
SE,2007-01-03,2017-02-27,1373835,Spectra Energy Corp.,verified,sec_search_name+sec_search_ticker,1.00,1.00,2010-02-25,2017-02-24,Spectra Energy,"chosen over 1394074 Spectra Energy Partners, LP by a closer name match"
SEDG,2021-12-20,2023-12-18,1419612,"SOLAREDGE TECHNOLOGIES, INC.",verified,sec_search_name+sec_search_ticker+sec_tickers,1.00,1.00,2021-02-19,2025-02-25,SolarEdge,
SEE,1998-04-01,2023-12-18,1012100,SEALED AIR CORP/DE,verified,sec_search_name,1.00,1.00,2009-03-02,2025-02-26,Sealed Air,
SHLD,2005-03-28,2012-09-05,1310067,SEARS HOLDINGS CORP,verified,sec_search_name+sec_search_ticker,1.00,1.00,2009-03-17,2013-03-20,Sears Holdings,
SHW,1996-01-02,,89800,SHERWIN WILLIAMS CO,verified,sec_tickers+wikipedia_current,1.00,1.00,2009-02-24,2026-02-19,Sherwin-Williams,
SIAL,1996-01-02,2015-11-18,90185,SIGMA ALDRICH CORP,verified,sec_search_name+sec_search_ticker,1.00,1.00,2009-02-27,2015-02-12,Sigma-Aldrich,
SIG,2015-07-29,2018-03-19,832988,SIGNET JEWELERS LTD,verified,sec_search_name+sec_tickers,1.00,1.00,2015-03-26,2019-04-03,Signet Jewelers,
SII,2006-10-02,2010-08-27,721083,SMITH INTERNATIONAL INC,verified,sec_search_name+sec_search_ticker,1.00,1.00,2009-03-02,2010-04-30,Smith International,
SIVB,2018-03-19,2023-03-15,719739,SVB FINANCIAL GROUP,verified,sec_search_name+sec_search_ticker,1.00,1.00,2017-02-28,2023-02-24,SVB Financial Group,
SJM,2008-11-06,,91419,J M SMUCKER Co,verified,sec_tickers+wikipedia_current,1.00,1.00,2009-06-26,2026-06-09,J.M. Smucker Company (The),
SLB,1996-01-02,,87347,SLB LIMITED/NV,verified,sec_tickers+wikipedia_current,1.00,1.00,2009-02-11,2026-01-23,Schlumberger,
SLG,2015-03-23,2021-03-22,1040971,SL GREEN REALTY CORP,verified,sec_search_name+sec_search_ticker+sec_tickers,1.00,1.00,2014-02-25,2022-02-18,SL Green Realty,"chosen over 1492869 SL GREEN OPERATING PARTNERSHIP, L.P. by a closer name match"
SLM,1998-07-01,2014-05-01,1032033,SLM Corp,verified,sec_search_name+sec_search_ticker+sec_tickers,1.00,1.00,2009-03-02,2015-02-26,SLM Corporation,chosen over 1482912 SLM Student Loan Trust 2010-1 by a closer name match
SMCI,2024-03-18,,1375365,"Super Micro Computer, Inc.",verified,sec_tickers+wikipedia_current,1.00,1.00,2023-08-28,2026-08-31,Supermicro,
SNA,1996-01-02,,91440,Snap-on Inc,verified,sec_tickers+wikipedia_current,1.00,1.00,2009-02-18,2026-02-12,Snap-on,
SNDK,2006-04-20,2016-05-12,1000180,SANDISK CORP,verified,sec_search_name+sec_search_ticker,1.00,1.00,2009-02-25,2016-04-07,SanDisk,
SNDK,2025-11-28,,2023554,Sandisk Corp,verified,sec_tickers+wikipedia_current,1.00,1.00,2025-08-21,2026-08-17,Sandisk,
SNI,2008-07-01,2018-03-07,1430602,"Scripps Networks Interactive, Inc.",verified,sec_search_name+sec_search_ticker,1.00,1.00,2009-03-05,2018-03-06,Scripps Networks Interactive,
SNPS,2017-03-16,,883241,SYNOPSYS INC,verified,sec_tickers+wikipedia_current,1.00,1.00,2016-12-12,2025-12-22,Synopsys,
SO,1996-01-02,,92122,SOUTHERN CO,verified,sec_tickers+wikipedia_current,1.00,1.00,2009-02-25,2026-02-19,Southern Company,
SOLS,2025-10-30,2025-12-22,2064953,Solstice Advanced Materials Inc.,verified,sec_tickers,1.00,1.00,2026-02-19,2026-02-19,Solstice Advanced Materials,
SOLV,2024-04-01,,1964738,Solventum Corp,verified,sec_tickers+wikipedia_current,1.00,1.00,2025-02-28,2026-02-27,Solventum,
SPG,2002-06-26,,1063761,SIMON PROPERTY GROUP INC.,verified,sec_tickers+wikipedia_current,1.00,1.00,2009-02-26,2026-02-25,Simon Property Group,
SPGI,1996-01-02,,64040,S&P Global Inc.,verified,sec_tickers+wikipedia_current,1.00,1.00,2009-02-27,2026-02-11,S&P Global,
SPLS,1998-10-07,2017-09-13,791519,STAPLES INC,verified,sec_search_name+sec_search_ticker,1.00,1.00,2009-03-11,2017-03-09,Staples,
SRCL,2008-11-19,2018-12-03,861878,STERICYCLE INC,verified,sec_search_name+sec_search_ticker,1.00,1.00,2009-02-27,2020-02-28,Stericycle,
SRE,1998-06-29,,1032208,SEMPRA,verified,sec_tickers+wikipedia_current,1.00,1.00,2009-02-24,2026-02-26,Sempra,
STE,2019-12-23,,1757898,STERIS plc,verified,sec_tickers+wikipedia_current,1.00,1.00,2019-05-30,2026-05-29,Steris,
STI,1996-01-02,2019-12-09,750556,SUNTRUST BANKS INC,verified,sec_search_name+sec_search_ticker,1.00,1.00,2009-03-02,2019-02-22,SunTrust Banks,
STJ,1996-01-02,2017-01-05,203077,"ST JUDE MEDICAL, LLC",verified,sec_search_name+sec_search_ticker,1.00,1.00,2009-02-27,2016-02-23,St Jude Medical,
STLD,2022-12-22,,1022671,STEEL DYNAMICS INC,verified,sec_tickers+wikipedia_current,1.00,1.00,2022-02-28,2026-02-27,Steel Dynamics,
STR,2006-12-01,2010-07-01,751652,DOMINION QUESTAR CORP,verified,sec_search_name,1.00,1.00,2009-02-27,2011-03-01,Questar,"chosen over 1108827 QEP RESOURCES, INC. by a closer name match"
STT,1997-08-18,,93751,STATE STREET CORP,verified,sec_tickers+wikipedia_current,1.00,1.00,2009-02-27,2026-02-19,State Street Corporation,
STX,2012-07-02,,1137789,Seagate Technology Holdings plc,verified,sec_tickers+wikipedia_current,1.00,1.00,2011-08-17,2026-08-04,Seagate Technology,
STZ,2005-07-05,,16918,"CONSTELLATION BRANDS, INC.",verified,sec_tickers+wikipedia_current,1.00,1.00,2009-04-29,2026-04-22,Constellation Brands,
SUN,1996-01-02,2012-10-05,95304,SUNOCO INC,verified,sec_search_name,1.00,1.00,2009-02-25,2012-02-28,Sunoco,"chosen over 1161154 Energy Transfer Operating, L.P. by a closer name match"
SUNEQ,2007-05-31,2011-12-19,,,unresolved,,,,,,,"nothing backed by a name or an anchor passed the SEC filing check. Search hits only (not used): 908255 BORGWARNER INC (10-Ks 2009-02-12 to 2013-02-14, cov 1.00, name n/a, via membership_continuity); 935703 DOLLAR TREE, INC. (10-Ks 2009-03-26 to 2013-03-15, cov 1.00, name n/a, via membership_continuity)"
SVU,1996-01-02,2012-05-01,95521,SUPERVALU INC,verified,sec_search_name+sec_search_ticker,1.00,1.00,2009-04-28,2013-04-24,Supervalu,
SW,2024-07-08,,2005951,Smurfit Westrock plc,verified,sec_tickers+wikipedia_current,1.00,1.00,2025-03-07,2026-02-27,Smurfit Westrock,
SWK,1996-01-02,,93556,"STANLEY BLACK & DECKER, INC.",verified,sec_tickers+wikipedia_current,1.00,1.00,2009-02-26,2026-02-24,Stanley Black & Decker,
SWKS,2015-03-12,,4127,"SKYWORKS SOLUTIONS, INC.",verified,sec_tickers+wikipedia_current,1.00,1.00,2014-11-25,2026-01-30,Skyworks Solutions,
SWN,2008-06-06,2017-04-04,7332,SOUTHWESTERN ENERGY CO,verified,sec_search_name+sec_search_ticker,1.00,1.00,2009-02-26,2018-03-01,Southwestern Energy,
SWY,1998-11-13,2015-01-27,86144,SAFEWAY INC,verified,sec_search_name+sec_search_ticker,1.00,1.00,2010-03-02,2015-03-04,Safeway,
SYF,2015-11-18,,1601712,Synchrony Financial,verified,sec_tickers+wikipedia_current,1.00,1.00,2015-02-23,2026-02-06,Synchrony Financial,
SYK,2000-12-12,,310764,STRYKER CORP,verified,sec_tickers+wikipedia_current,1.00,1.00,2009-02-20,2026-02-11,Stryker Corporation,
SYMC,2003-03-31,2019-11-05,,,unresolved,,,,,,,"nothing backed by a name or an anchor passed the SEC filing check. Search hits only (not used): 849399 Gen Digital Inc. (10-Ks 2009-06-01 to 2020-05-28, cov 1.00, name n/a, via sec_search_ticker)"
SYY,1996-01-02,,96021,SYSCO CORP,verified,sec_tickers+wikipedia_current,1.00,1.00,2009-08-25,2026-08-21,Sysco,
T,1996-01-02,,732717,AT&T INC.,verified,sec_tickers+wikipedia_current,1.00,1.00,2009-02-25,2026-02-09,AT&T,
TAP,1996-01-02,,24545,MOLSON COORS BEVERAGE CO,likely,sec_tickers,1.00,,2009-02-25,2026-02-18,,only one source (sec_tickers) and no matching name to back it; the SEC filing check passed
TDC,2007-10-01,2017-06-19,816761,TERADATA CORP /DE/,verified,sec_search_name+sec_search_ticker+sec_tickers,1.00,1.00,2009-03-02,2018-02-23,Teradata,
TDG,2016-06-03,,1260221,TransDigm Group INC,verified,sec_tickers+wikipedia_current,1.00,1.00,2015-11-13,2025-11-12,TransDigm Group,
TDY,2020-06-22,,1094285,TELEDYNE TECHNOLOGIES INC,verified,sec_tickers+wikipedia_current,1.00,1.00,2020-02-24,2026-02-20,Teledyne Technologies,
TE,2001-10-10,2016-07-01,350563,TECO ENERGY INC,verified,sec_search_name,1.00,1.00,2009-02-26,2016-02-26,TECO Energy,
TECH,2021-08-30,,842023,BIO-TECHNE Corp,verified,sec_tickers+wikipedia_current,1.00,1.00,2020-08-26,2026-08-24,Bio-Techne,
TEG,2007-02-22,2015-06-30,916863,"INTEGRYS HOLDING, INC.",verified,sec_search_name+sec_search_ticker,1.00,1.00,2009-02-26,2015-03-02,Integrys Energy Group,
TEL,2011-10-17,,1385157,TE Connectivity plc,verified,sec_tickers+wikipedia_current,1.00,1.00,2010-11-10,2025-11-10,TE Connectivity,
TER,1999-11-15,2013-12-23,97210,"TERADYNE, INC",verified,sec_search_name+sec_search_ticker+sec_tickers,1.00,1.00,2009-03-02,2015-02-27,Teradyne,
TER,2020-09-21,,97210,"TERADYNE, INC",verified,sec_tickers+wikipedia_current,1.00,1.00,2020-03-02,2026-02-19,Teradyne,
TFC,2019-12-09,,92230,TRUIST FINANCIAL CORP,verified,sec_tickers+wikipedia_current,1.00,1.00,2019-02-26,2026-02-24,Truist Financial,
TFX,2019-01-18,2025-03-24,96943,TELEFLEX INC,verified,sec_search_name+sec_search_ticker+sec_tickers,1.00,1.00,2018-02-22,2026-02-27,Teleflex,
TGNA,1996-01-02,2017-06-02,39899,TEGNA INC,verified,sec_search_name+sec_search_ticker,1.00,1.00,2009-02-25,2018-03-01,Tegna,
TGT,1996-01-02,,27419,TARGET CORP,verified,sec_tickers+wikipedia_current,1.00,1.00,2009-03-13,2026-03-11,Target Corporation,
THC,1996-01-02,2016-04-18,70318,TENET HEALTHCARE CORP,verified,sec_search_name+sec_search_ticker+sec_tickers,1.00,1.00,2009-02-24,2017-02-27,Tenet Healthcare,
TIE,2007-10-29,2012-12-24,1011657,TITANIUM METALS CORP,verified,sec_search_name,1.00,1.00,2009-02-27,2012-02-29,Titanium Metals,
TIF,2000-06-21,2021-01-07,98246,TIFFANY & CO,verified,sec_search_name+sec_search_ticker,1.00,1.00,2009-03-30,2020-03-20,Tiffany & Co,
TJX,1996-01-02,,109198,TJX COMPANIES INC /DE/,verified,sec_tickers+wikipedia_current,1.00,1.00,2009-03-31,2026-03-31,TJX Companies,
TKO,2025-03-24,,1973266,"TKO Group Holdings, Inc.",verified,sec_tickers+wikipedia_current,1.00,1.00,2024-02-27,2026-02-25,TKO Group Holdings,
TLAB,1996-01-02,2011-12-21,317771,TELLABS INC,verified,sec_search_name+sec_search_ticker,1.00,1.00,2009-03-03,2013-02-22,Tellabs,
TMK,1996-01-02,2019-08-08,320335,GLOBE LIFE INC.,verified,membership_continuity+sec_search_ticker,1.00,,2009-02-27,2020-02-27,,
TMO,1997-01-02,,97745,THERMO FISHER SCIENTIFIC INC.,verified,sec_tickers+wikipedia_current,1.00,1.00,2009-02-27,2026-02-26,Thermo Fisher Scientific,
TMUS,2009-06-30,2013-05-01,,,unresolved,,,,,,,"nothing backed by a name or an anchor passed the SEC filing check. Search hits only (not used): 1283699 T-Mobile US, Inc. (10-Ks 2009-03-02 to 2014-02-25, cov 1.00, name n/a, via sec_search_ticker+sec_tickers); 872589 REGENERON PHARMACEUTICALS, INC. (10-Ks 2009-02-26 to 2014-02-13, cov 1.00, name n/a, via membership_continuity)"
TMUS,2019-07-15,,1283699,"T-Mobile US, Inc.",verified,sec_tickers+wikipedia_current,1.00,1.00,2019-02-07,2026-02-11,T-Mobile US,
TPL,2024-11-26,,1811074,Texas Pacific Land Corp,verified,sec_tickers+wikipedia_current,1.00,1.00,2024-02-21,2026-02-18,Texas Pacific Land Corporation,
TPR,2004-09-01,,1116132,"TAPESTRY, INC.",verified,sec_tickers+wikipedia_current,1.00,1.00,2009-08-19,2026-08-13,"Tapestry, Inc.",
TRGP,2022-10-12,,1389170,Targa Resources Corp.,verified,sec_tickers+wikipedia_current,1.00,1.00,2022-02-24,2026-02-19,Targa Resources,
TRIP,2011-12-21,2019-12-23,1526520,"TripAdvisor, Inc.",verified,sec_search_name+sec_search_ticker+sec_tickers,1.00,1.00,2012-03-15,2021-02-19,TripAdvisor,"chosen over 1606745 Liberty TripAdvisor Holdings, Inc. by a closer name match"
TRMB,2021-01-21,,864749,TRIMBLE INC.,verified,sec_tickers+wikipedia_current,1.00,1.00,2020-02-28,2026-02-25,Trimble Inc.,
TROW,1999-10-13,,1113169,PRICE T ROWE GROUP INC,verified,sec_tickers+wikipedia_current,1.00,1.00,2009-02-06,2026-02-13,T. Rowe Price,
TRV,1996-01-02,,86312,"TRAVELERS COMPANIES, INC.",verified,sec_tickers+wikipedia_current,1.00,1.00,2009-02-19,2026-02-12,Travelers Companies (The),
TSCO,2014-01-24,,916365,TRACTOR SUPPLY CO /DE/,verified,sec_tickers+wikipedia_current,1.00,1.00,2014-02-19,2026-02-19,Tractor Supply,
TSLA,2020-12-21,,1318605,"Tesla, Inc.",verified,sec_tickers+wikipedia_current,1.00,1.00,2020-02-13,2026-04-30,"Tesla, Inc.",
TSN,2005-08-11,,100493,"TYSON FOODS, INC.",verified,sec_tickers+wikipedia_current,1.00,1.00,2009-11-23,2025-11-10,Tyson Foods,
TSS,2008-01-02,2019-09-23,,,unresolved,,,,,,TSYS,"nothing backed by a name or an anchor passed the SEC filing check. Tried: 721683 TOTAL SYSTEM SERVICES INC (10-Ks 2009-02-27 to 2019-04-11, cov 1.00, name 0.00, via sec_search_name+sec_search_ticker); 1111665 TELECOMMUNICATION SYSTEMS INC /FA/ (10-Ks 2009-03-03 to 2015-03-13, cov 0.89, name 0.00, via sec_search_name); 1128250 BA Credit Card Trust (10-Ks 2009-09-23 to 2020-03-25, cov 1.00, name 0.00, via sec_search_name); 1320760 TSS, Inc. (10-Ks 2009-03-31 to 2020-03-24, cov 1.00, name 0.00, via sec_search_ticker)"
TT,2020-03-03,,1466258,Trane Technologies plc,verified,sec_tickers+wikipedia_current,1.00,1.00,2019-02-12,2026-02-05,Trane Technologies,
TTD,2025-07-18,,1671933,"Trade Desk, Inc.",verified,sec_search_ticker+sec_tickers,1.00,,2025-02-21,2026-02-27,,
TTWO,2018-03-19,,946581,TAKE TWO INTERACTIVE SOFTWARE INC,verified,sec_tickers+wikipedia_current,1.00,1.00,2017-05-24,2026-05-22,Take-Two Interactive,
TWC,2009-03-30,2016-05-18,1377013,"SPECTRUM MANAGEMENT HOLDING COMPANY, LLC",verified,sec_search_name+sec_search_ticker,1.00,1.00,2009-02-20,2016-04-28,Time Warner Cable,
TWTR,2018-06-07,2022-11-01,1418091,"TWITTER, INC.",verified,sec_search_name+sec_search_ticker,1.00,1.00,2018-02-23,2022-02-16,Twitter,
TWX,1996-01-02,2018-06-15,1105705,"WARNER MEDIA, LLC",verified,sec_search_name+sec_search_ticker,1.00,1.00,2009-02-20,2018-04-27,Time Warner,"chosen over 1377013 SPECTRUM MANAGEMENT HOLDING COMPANY, LLC by a closer name match"
TXN,1996-01-02,,97476,TEXAS INSTRUMENTS INC,verified,sec_tickers+wikipedia_current,1.00,1.00,2009-02-24,2026-02-06,Texas Instruments,
TXT,1996-01-02,,217346,TEXTRON INC,verified,sec_tickers+wikipedia_current,1.00,1.00,2009-02-26,2026-02-11,Textron,
TYL,2020-06-22,,860731,TYLER TECHNOLOGIES INC,verified,sec_tickers+wikipedia_current,1.00,1.00,2020-02-19,2026-02-18,Tyler Technologies,
UA,2016-04-08,2022-06-21,1336917,"Under Armour, Inc.",verified,sec_search_ticker+sec_tickers,1.00,1.00,2016-02-22,2023-05-24,Under Armour (Class C),
UAA,2014-05-01,2022-06-21,1336917,"Under Armour, Inc.",verified,sec_search_ticker+sec_tickers,1.00,1.00,2014-02-21,2023-05-24,Under Armour (Class A),
UAL,2015-09-03,,100517,"United Airlines Holdings, Inc.",verified,sec_tickers+wikipedia_current,1.00,1.00,2015-02-20,2026-02-12,United Airlines Holdings,
UBER,2023-12-18,,1543151,"Uber Technologies, Inc",verified,sec_tickers+wikipedia_current,1.00,1.00,2023-02-21,2026-02-13,Uber,
UDR,2016-03-07,,74208,"UDR, Inc.",verified,sec_tickers+wikipedia_current,1.00,1.00,2015-02-24,2026-02-17,"UDR, Inc.",
UHS,2014-09-22,,352915,UNIVERSAL HEALTH SERVICES INC,verified,sec_tickers+wikipedia_current,1.00,1.00,2014-02-27,2026-02-25,Universal Health Services,
ULTA,2016-04-18,,1403568,"Ulta Beauty, Inc.",verified,sec_tickers+wikipedia_current,1.00,1.00,2015-04-01,2026-03-26,Ulta Beauty,
UNH,1996-01-02,,731766,UNITEDHEALTH GROUP INC,verified,sec_tickers+wikipedia_current,1.00,1.00,2009-02-11,2026-03-02,UnitedHealth Group,
UNM,1996-01-02,2021-09-20,5513,Unum Group,verified,sec_search_name+sec_search_ticker+sec_tickers,1.00,1.00,2009-02-24,2022-02-25,Unum,
UNP,1996-01-02,,100885,UNION PACIFIC CORP,verified,sec_tickers+wikipedia_current,1.00,1.00,2009-02-06,2026-02-06,Union Pacific Corporation,
UPS,2002-07-22,,1090727,UNITED PARCEL SERVICE INC,verified,sec_tickers+wikipedia_current,1.00,1.00,2009-02-27,2026-02-17,United Parcel Service,
URBN,2010-02-08,2017-03-20,912615,URBAN OUTFITTERS INC,verified,sec_search_name+sec_search_ticker+sec_tickers,1.00,1.00,2009-04-01,2018-04-02,Urban Outfitters,
URI,2014-09-22,,1067701,"UNITED RENTALS, INC.",verified,sec_tickers+wikipedia_current,1.00,1.00,2014-01-22,2026-01-28,United Rentals,
USB,1996-01-02,,36104,US BANCORP \DE\,verified,sec_tickers+wikipedia_current,1.00,1.00,2009-03-02,2026-02-23,U.S. Bancorp,
UTX,1996-01-02,2020-04-03,101829,RTX Corp,verified,membership_continuity+sec_search_ticker,1.00,,2009-02-11,2021-02-08,,
V,2009-12-21,,1403161,VISA INC.,verified,sec_tickers+wikipedia_current,1.00,1.00,2009-11-20,2025-11-06,Visa Inc.,
VAR,2007-02-12,2021-04-20,203527,VARIAN MEDICAL SYSTEMS INC,verified,sec_search_name,1.00,1.00,2009-11-25,2021-02-01,Varian Medical Systems,
VEEV,2026-05-07,,1393052,VEEVA SYSTEMS INC,verified,sec_tickers+wikipedia_current,1.00,1.00,2026-03-20,2026-03-20,Veeva Systems,
VFC,1996-01-02,2024-04-01,103379,V F CORP,verified,sec_search_name+sec_search_ticker+sec_tickers,1.00,1.00,2009-03-03,2025-05-22,VF Corporation,
VIAB,2006-01-03,2019-12-05,1339947,Viacom Inc.,verified,sec_search_name+sec_search_ticker,1.00,1.00,2009-02-12,2019-11-14,Viacom,chosen over 813828 Paramount Global by a closer name match
VIAC,2019-12-05,2022-02-17,,,unresolved,,,,,,,"nothing backed by a name or an anchor passed the SEC filing check. Search hits only (not used): 1527469 Athene Holding Ltd. (10-Ks 2019-02-27 to 2023-03-01, cov 1.00, name n/a, via sec_search_ticker); 813828 Paramount Global (10-Ks 2019-02-15 to 2023-02-16, cov 1.00, name n/a, via sec_search_ticker); 1535929 Voya Financial, Inc. (10-Ks 2020-02-21 to 2023-02-24, cov 1.00, name n/a, via sec_search_ticker); 1826011 Banzai International, Inc. (10-Ks 2021-03-26 to 2023-03-31, cov 1.00, name n/a, via membership_continuity)"
VIAV,2000-07-27,2013-12-23,,,unresolved,,,,,,,"nothing backed by a name or an anchor passed the SEC filing check. Search hits only (not used): 912093 VIAVI SOLUTIONS INC. (10-Ks 2009-08-24 to 2014-08-26, cov 1.00, name n/a, via sec_tickers); 851968 MOHAWK INDUSTRIES INC (10-Ks 2009-03-02 to 2015-02-27, cov 1.00, name n/a, via membership_continuity)"
VICI,2022-06-08,,1705696,VICI PROPERTIES INC.,verified,sec_tickers+wikipedia_current,1.00,1.00,2022-02-23,2026-02-25,Vici Properties,
VLO,2004-04-29,,1035002,VALERO ENERGY CORP/TX,verified,sec_tickers+wikipedia_current,1.00,1.00,2009-02-27,2026-02-25,Valero Energy,
VLTO,2023-10-02,,1967680,Veralto Corp,verified,sec_tickers+wikipedia_current,1.00,1.00,2024-02-28,2026-02-20,Veralto,
VMC,1999-07-01,,1396009,Vulcan Materials CO,verified,sec_tickers+wikipedia_current,1.00,1.00,2009-03-02,2026-02-19,Vulcan Materials Company,
VMRK,2026-08-18,,906107,VIVMARK RESIDENTIAL,verified,sec_tickers+wikipedia_current,1.00,1.00,2026-02-13,2026-02-13,Vivmark Residential,
VNO,2005-08-12,2023-01-04,,,conflict,,,,,,Vornado Realty Trust,"more than one company passed: 899689 VORNADO REALTY TRUST (10-Ks 2009-02-24 to 2024-02-12, cov 1.00, name 1.00, via sec_search_name+sec_search_ticker+sec_tickers); 1040765 VORNADO REALTY LP (10-Ks 2009-03-10 to 2024-02-12, cov 1.00, name 1.00, via sec_search_name+sec_search_ticker)"
VNT,2020-10-12,2021-03-22,1786842,Vontier Corp,verified,sec_search_name+sec_search_ticker+sec_tickers,1.00,1.00,2021-02-25,2022-02-24,Vontier,
VRSK,2015-10-08,,1442145,"Verisk Analytics, Inc.",verified,sec_tickers+wikipedia_current,1.00,1.00,2016-02-24,2026-02-18,Verisk Analytics,
VRSN,2006-02-01,,1014473,VERISIGN INC/CA,verified,sec_tickers+wikipedia_current,1.00,1.00,2009-03-03,2026-02-05,Verisign,
VRT,2026-03-23,,1674101,Vertiv Holdings Co,verified,sec_tickers+wikipedia_current,1.00,1.00,2025-02-18,2026-02-13,Vertiv,
VRTX,2013-09-23,,875320,VERTEX PHARMACEUTICALS INC / MA,verified,sec_tickers+wikipedia_current,1.00,1.00,2013-03-01,2026-02-13,Vertex Pharmaceuticals,
VST,2024-05-08,,1692819,Vistra Corp.,verified,sec_tickers+wikipedia_current,1.00,1.00,2024-02-29,2026-02-27,Vistra Corp.,
VTR,2009-03-04,,740260,"Ventas, Inc.",verified,sec_tickers+wikipedia_current,1.00,1.00,2009-02-27,2026-02-06,Ventas,
VTRS,2020-11-17,,1792044,Viatris Inc,verified,sec_tickers+wikipedia_current,1.00,1.00,2020-05-07,2026-02-26,Viatris,
VZ,1996-01-02,,732712,VERIZON COMMUNICATIONS INC,verified,sec_tickers+wikipedia_current,1.00,1.00,2009-02-24,2026-02-17,Verizon,
WAB,2019-02-27,,943452,WESTINGHOUSE AIR BRAKE TECHNOLOGIES CORP,verified,sec_tickers+wikipedia_current,1.00,0.00,2019-02-27,2026-02-13,Wabtec,
WAT,2002-01-02,,1000697,WATERS CORP /DE/,verified,sec_tickers+wikipedia_current,1.00,1.00,2009-02-27,2026-02-23,Waters Corporation,
WBA,1996-01-02,2025-08-28,1618921,"Walgreens Boots Alliance, Inc.",verified,sec_search_name+sec_search_ticker,0.87,1.00,2015-10-28,2024-10-15,Walgreens Boots Alliance,
WBD,2022-04-11,,1437107,"Warner Bros. Discovery, Inc.",verified,sec_tickers+wikipedia_current,1.00,1.00,2022-02-24,2026-02-27,Warner Bros. Discovery,
WCG,2018-09-17,2020-01-28,1279363,"WELLCARE HEALTH PLANS, INC.",verified,sec_search_name+sec_search_ticker,1.00,1.00,2018-02-16,2019-02-12,WellCare,
WDAY,2024-12-23,,1327811,"Workday, Inc.",verified,sec_tickers+wikipedia_current,1.00,1.00,2024-03-08,2026-03-06,"Workday, Inc.",
WDC,2009-07-01,,106040,WESTERN DIGITAL CORP,verified,sec_tickers+wikipedia_current,1.00,1.00,2009-08-14,2026-08-14,Western Digital,
WEC,2008-10-31,,783325,"WEC ENERGY GROUP, INC.",verified,sec_tickers+wikipedia_current,1.00,1.00,2009-02-27,2026-02-20,WEC Energy Group,
WELL,2009-01-30,,766704,WELLTOWER INC.,verified,sec_tickers+wikipedia_current,1.00,1.00,2009-03-02,2026-02-12,Welltower,
WFC,1996-01-02,,72971,WELLS FARGO & COMPANY/MN,verified,sec_tickers+wikipedia_current,1.00,1.00,2009-02-27,2026-02-24,Wells Fargo,
WFM,2006-01-03,2017-08-28,865436,WHOLE FOODS MARKET INC,verified,sec_search_name+sec_search_ticker,1.00,1.00,2009-11-27,2017-11-17,Whole Foods Market,
WHR,1996-01-02,2024-03-18,106640,WHIRLPOOL CORP /DE/,verified,sec_search_name+sec_search_ticker+sec_tickers,1.00,1.00,2009-02-19,2025-02-13,Whirlpool Corporation,
WIN,2006-07-18,2015-04-07,1282266,"WINDSTREAM HOLDINGS, INC.",verified,sec_search_name+sec_search_ticker,1.00,1.00,2009-02-19,2016-02-25,Windstream Communications,
WLTW,2016-01-05,2022-01-10,1140536,WILLIS TOWERS WATSON PLC,verified,membership_continuity+sec_search_name+sec_search_ticker,1.00,1.00,2015-02-24,2023-02-24,Willis Towers Watson,
WM,1998-07-17,,823768,WASTE MANAGEMENT INC,verified,sec_tickers+wikipedia_current,1.00,1.00,2009-02-17,2026-02-09,Waste Management,
WMB,1996-01-02,,107263,"WILLIAMS COMPANIES, INC.",verified,sec_tickers+wikipedia_current,1.00,1.00,2009-02-25,2026-02-24,Williams Companies,
WMT,1996-01-02,,104169,Walmart Inc.,verified,sec_tickers+wikipedia_current,1.00,1.00,2009-04-01,2026-03-13,Walmart,
WPX,2012-01-03,2014-03-24,1518832,"WPX ENERGY, INC.",verified,sec_search_name+sec_search_ticker,1.00,1.00,2012-02-28,2015-02-26,WPX Energy,
WRB,2019-12-05,,11544,BERKLEY W R CORP,verified,sec_tickers+wikipedia_current,1.00,1.00,2019-02-22,2026-02-27,W. R. Berkley Corporation,
WRK,2015-07-02,2024-07-08,,,unresolved,,,,,,,"nothing backed by a name or an anchor passed the SEC filing check. Search hits only (not used): 1732845 WestRock Co (10-Ks 2018-11-16 to 2023-11-17, cov 0.67, name n/a, via sec_search_ticker); 1325878 Federal Home Loan Bank of Topeka (10-Ks 2015-03-13 to 2025-03-13, cov 1.00, name n/a, via sec_search_ticker)"
WSM,2025-03-24,,719955,WILLIAMS SONOMA INC,verified,sec_tickers+wikipedia_current,1.00,1.00,2024-03-20,2026-03-26,"Williams-Sonoma, Inc.",
WST,2020-05-22,,105770,WEST PHARMACEUTICAL SERVICES INC,verified,sec_tickers+wikipedia_current,1.00,1.00,2020-02-24,2026-02-17,West Pharmaceutical Services,
WTW,2022-01-10,,1140536,WILLIS TOWERS WATSON PLC,verified,sec_tickers+wikipedia_current,1.00,1.00,2022-02-24,2026-02-25,Willis Towers Watson,
WU,2006-10-02,2021-12-20,1365135,Western Union CO,verified,sec_search_name+sec_tickers,1.00,1.00,2009-02-19,2023-02-23,Western Union,
WY,1996-01-02,,106535,WEYERHAEUSER CO,verified,sec_tickers+wikipedia_current,1.00,1.00,2009-02-27,2026-02-13,Weyerhaeuser,
WYND,2006-08-01,2018-05-31,,,unresolved,,,,,,,"nothing backed by a name or an anchor passed the SEC filing check. Search hits only (not used): 1407067 Franklin Financial Network Inc. (10-Ks 2015-03-11 to 2019-03-19, cov 0.62, name n/a, via sec_search_ticker); 937136 HYPERDYNAMICS CORP (10-Ks 2009-09-30 to 2017-11-15, cov 1.00, name n/a, via sec_search_ticker); 750556 SUNTRUST BANKS INC (10-Ks 2009-03-02 to 2019-02-22, cov 1.00, name n/a, via sec_search_ticker)"
WYNN,2008-11-14,,1174922,WYNN RESORTS LTD,verified,sec_tickers+wikipedia_current,1.00,1.00,2009-03-02,2026-03-02,Wynn Resorts,
X,1996-01-02,2014-07-02,1163302,UNITED STATES STEEL CORP,verified,sec_search_name,1.00,1.00,2009-02-24,2015-02-24,United States Steel,
XEC,2014-06-20,2020-03-03,1168054,CIMAREX ENERGY CO,verified,sec_search_name+sec_search_ticker,1.00,1.00,2014-02-26,2021-02-23,Cimarex Energy,
XEL,1996-01-02,,72903,XCEL ENERGY INC,verified,sec_tickers+wikipedia_current,1.00,1.00,2009-02-27,2026-02-25,Xcel Energy,
XL,2001-09-04,2018-09-12,875159,XL GROUP LTD,verified,sec_search_name+sec_search_ticker,1.00,1.00,2009-03-02,2018-04-06,XL Group,"chosen over 813298 DESTINATION XL GROUP, INC. by a closer name match"
XLNX,1999-11-08,2022-02-15,743988,XILINX INC,verified,sec_search_name+sec_search_ticker,1.00,1.00,2009-06-01,2021-05-14,Xilinx,
XOM,1996-01-02,,,EXXON MOBIL CORP,split,sec_search_name+sec_search_ticker,1.00,1.00,2009-02-27,2026-02-18,ExxonMobil,today's company ID 2115436 (ExxonMobil Holdings Corp) has little filing history; a predecessor filed the earlier reports: 34088 EXXON MOBIL CORP (10-Ks 2009-02-27 to 2026-02-18)
XRAY,2008-11-14,2024-04-02,818479,DENTSPLY SIRONA Inc.,verified,sec_search_name+sec_search_ticker+sec_tickers,1.00,1.00,2009-02-20,2025-02-27,Dentsply Sirona,
XRX,1996-01-02,2021-03-22,108772,XEROX CORP,verified,sec_search_name+sec_search_ticker,1.00,1.00,2009-02-13,2022-02-23,Xerox,
XTO,2004-12-29,2010-06-28,868809,XTO ENERGY INC,verified,sec_search_name+sec_search_ticker,1.00,1.00,2009-02-25,2010-04-29,XTO Energy,
XYL,2011-11-01,,1524472,Xylem Inc.,verified,sec_tickers+wikipedia_current,1.00,1.00,2012-02-28,2026-02-25,Xylem Inc.,
XYZ,2025-07-23,,1512673,"Block, Inc.",verified,sec_tickers+wikipedia_current,1.00,1.00,2025-02-24,2026-02-26,"Block, Inc.",
YUM,1997-10-07,,1041061,YUM BRANDS INC,verified,sec_tickers+wikipedia_current,1.00,1.00,2009-02-23,2026-02-20,Yum! Brands,
ZBH,2001-08-07,,1136869,"ZIMMER BIOMET HOLDINGS, INC.",verified,sec_tickers+wikipedia_current,1.00,1.00,2009-02-27,2026-02-20,Zimmer Biomet,
ZBRA,2019-12-23,,877212,ZEBRA TECHNOLOGIES CORP,verified,sec_tickers+wikipedia_current,1.00,1.00,2019-02-14,2026-02-12,Zebra Technologies,
ZION,2001-06-25,2024-03-18,109380,"ZIONS BANCORPORATION, NATIONAL ASSOCIATION /UT/",verified,sec_search_name+sec_tickers,1.00,1.00,2009-02-27,2025-02-25,Zions Bancorporation,
ZTS,2013-06-24,,1555280,Zoetis Inc.,verified,sec_tickers+wikipedia_current,1.00,1.00,2013-03-28,2026-02-12,Zoetis,
